id,city,date,team1,team2,toss_winner,toss_decision,winner,player_of_match,venue
1,Bangalore,4/18/2008,Kolkata Knight Riders,Royal Challengers Bangalore,Royal Challengers Bangalore,field,Kolkata Knight Riders,BB McCullum,M Chinnaswamy Stadium
2,Chandigarh,4/19/2008,Chennai Super Kings,Kings XI Punjab,Chennai Super Kings,bat,Chennai Super Kings,MEK Hussey,"Punjab Cricket Association Stadium, Mohali"
3,Delhi,4/19/2008,Rajasthan Royals,Delhi Daredevils,Rajasthan Royals,bat,Delhi Daredevils,MF Maharoof,Feroz Shah Kotla
4,Mumbai,4/20/2008,Mumbai Indians,Royal Challengers Bangalore,Mumbai Indians,bat,Royal Challengers Bangalore,MV Boucher,Wankhede Stadium
5,Kolkata,4/20/2008,Deccan Chargers,Kolkata Knight Riders,Deccan Chargers,bat,Kolkata Knight Riders,DJ Hussey,Eden Gardens
6,Jaipur,4/21/2008,Kings XI Punjab,Rajasthan Royals,Kings XI Punjab,bat,Rajasthan Royals,SR Watson,Sawai Mansingh Stadium
7,Hyderabad,4/22/2008,Deccan Chargers,Delhi Daredevils,Deccan Chargers,bat,Delhi Daredevils,V Sehwag,"Rajiv Gandhi International Stadium, Uppal"
8,Chennai,4/23/2008,Chennai Super Kings,Mumbai Indians,Mumbai Indians,field,Chennai Super Kings,ML Hayden,"MA Chidambaram Stadium, Chepauk"
9,Hyderabad,4/24/2008,Deccan Chargers,Rajasthan Royals,Rajasthan Royals,field,Rajasthan Royals,YK Pathan,"Rajiv Gandhi International Stadium, Uppal"
10,Chandigarh,4/25/2008,Kings XI Punjab,Mumbai Indians,Mumbai Indians,field,Kings XI Punjab,KC Sangakkara,"Punjab Cricket Association Stadium, Mohali"
11,Bangalore,4/26/2008,Royal Challengers Bangalore,Rajasthan Royals,Rajasthan Royals,field,Rajasthan Royals,SR Watson,M Chinnaswamy Stadium
12,Chennai,4/26/2008,Kolkata Knight Riders,Chennai Super Kings,Kolkata Knight Riders,bat,Chennai Super Kings,JDP Oram,"MA Chidambaram Stadium, Chepauk"
13,Mumbai,4/27/2008,Mumbai Indians,Deccan Chargers,Deccan Chargers,field,Deccan Chargers,AC Gilchrist,Dr DY Patil Sports Academy
14,Chandigarh,4/27/2008,Delhi Daredevils,Kings XI Punjab,Delhi Daredevils,bat,Kings XI Punjab,SM Katich,"Punjab Cricket Association Stadium, Mohali"
15,Bangalore,4/28/2008,Chennai Super Kings,Royal Challengers Bangalore,Chennai Super Kings,bat,Chennai Super Kings,MS Dhoni,M Chinnaswamy Stadium
16,Kolkata,4/29/2008,Kolkata Knight Riders,Mumbai Indians,Kolkata Knight Riders,bat,Mumbai Indians,ST Jayasuriya,Eden Gardens
17,Delhi,4/30/2008,Delhi Daredevils,Royal Challengers Bangalore,Royal Challengers Bangalore,field,Delhi Daredevils,GD McGrath,Feroz Shah Kotla
18,Hyderabad,05-01-2008,Deccan Chargers,Kings XI Punjab,Kings XI Punjab,field,Kings XI Punjab,SE Marsh,"Rajiv Gandhi International Stadium, Uppal"
19,Jaipur,05-01-2008,Rajasthan Royals,Kolkata Knight Riders,Rajasthan Royals,bat,Rajasthan Royals,SA Asnodkar,Sawai Mansingh Stadium
20,Chennai,05-02-2008,Chennai Super Kings,Delhi Daredevils,Chennai Super Kings,bat,Delhi Daredevils,V Sehwag,"MA Chidambaram Stadium, Chepauk"
21,Hyderabad,5/25/2008,Deccan Chargers,Royal Challengers Bangalore,Deccan Chargers,bat,Royal Challengers Bangalore,R Vinay Kumar,"Rajiv Gandhi International Stadium, Uppal"
22,Chandigarh,05-03-2008,Kings XI Punjab,Kolkata Knight Riders,Kings XI Punjab,bat,Kings XI Punjab,IK Pathan,"Punjab Cricket Association Stadium, Mohali"
23,Mumbai,05-04-2008,Mumbai Indians,Delhi Daredevils,Delhi Daredevils,field,Mumbai Indians,SM Pollock,Dr DY Patil Sports Academy
24,Jaipur,05-04-2008,Chennai Super Kings,Rajasthan Royals,Chennai Super Kings,bat,Rajasthan Royals,Sohail Tanvir,Sawai Mansingh Stadium
25,Bangalore,05-05-2008,Royal Challengers Bangalore,Kings XI Punjab,Kings XI Punjab,field,Kings XI Punjab,S Sreesanth,M Chinnaswamy Stadium
26,Chennai,05-06-2008,Chennai Super Kings,Deccan Chargers,Deccan Chargers,field,Deccan Chargers,AC Gilchrist,"MA Chidambaram Stadium, Chepauk"
27,Mumbai,05-07-2008,Rajasthan Royals,Mumbai Indians,Mumbai Indians,field,Mumbai Indians,A Nehra,Dr DY Patil Sports Academy
28,Delhi,05-08-2008,Delhi Daredevils,Chennai Super Kings,Chennai Super Kings,field,Chennai Super Kings,MS Dhoni,Feroz Shah Kotla
29,Kolkata,05-08-2008,Kolkata Knight Riders,Royal Challengers Bangalore,Kolkata Knight Riders,bat,Kolkata Knight Riders,SC Ganguly,Eden Gardens
30,Jaipur,05-09-2008,Deccan Chargers,Rajasthan Royals,Rajasthan Royals,field,Rajasthan Royals,YK Pathan,Sawai Mansingh Stadium
31,Bangalore,5/28/2008,Royal Challengers Bangalore,Mumbai Indians,Mumbai Indians,field,Mumbai Indians,CRD Fernando,M Chinnaswamy Stadium
32,Chennai,05-10-2008,Chennai Super Kings,Kings XI Punjab,Kings XI Punjab,field,Chennai Super Kings,L Balaji,"MA Chidambaram Stadium, Chepauk"
33,Hyderabad,05-11-2008,Kolkata Knight Riders,Deccan Chargers,Kolkata Knight Riders,bat,Kolkata Knight Riders,SC Ganguly,"Rajiv Gandhi International Stadium, Uppal"
34,Jaipur,05-11-2008,Delhi Daredevils,Rajasthan Royals,Rajasthan Royals,field,Rajasthan Royals,SR Watson,Sawai Mansingh Stadium
35,Chandigarh,05-12-2008,Royal Challengers Bangalore,Kings XI Punjab,Royal Challengers Bangalore,bat,Kings XI Punjab,SE Marsh,"Punjab Cricket Association Stadium, Mohali"
36,Kolkata,5/13/2008,Kolkata Knight Riders,Delhi Daredevils,Kolkata Knight Riders,bat,Kolkata Knight Riders,Shoaib Akhtar,Eden Gardens
37,Mumbai,5/14/2008,Chennai Super Kings,Mumbai Indians,Mumbai Indians,field,Mumbai Indians,ST Jayasuriya,Wankhede Stadium
38,Chandigarh,5/28/2008,Kings XI Punjab,Rajasthan Royals,Rajasthan Royals,field,Kings XI Punjab,SE Marsh,"Punjab Cricket Association Stadium, Mohali"
39,Delhi,5/15/2008,Delhi Daredevils,Deccan Chargers,Deccan Chargers,field,Delhi Daredevils,A Mishra,Feroz Shah Kotla
40,Mumbai,5/16/2008,Kolkata Knight Riders,Mumbai Indians,Mumbai Indians,field,Mumbai Indians,SM Pollock,Wankhede Stadium
41,Delhi,5/17/2008,Delhi Daredevils,Kings XI Punjab,Delhi Daredevils,bat,Kings XI Punjab,DPMD Jayawardene,Feroz Shah Kotla
42,Jaipur,5/17/2008,Rajasthan Royals,Royal Challengers Bangalore,Royal Challengers Bangalore,field,Rajasthan Royals,GC Smith,Sawai Mansingh Stadium
43,Hyderabad,5/18/2008,Mumbai Indians,Deccan Chargers,Deccan Chargers,field,Mumbai Indians,DJ Bravo,"Rajiv Gandhi International Stadium, Uppal"
44,Kolkata,5/18/2008,Kolkata Knight Riders,Chennai Super Kings,Kolkata Knight Riders,bat,Chennai Super Kings,M Ntini,Eden Gardens
45,Bangalore,5/19/2008,Royal Challengers Bangalore,Delhi Daredevils,Delhi Daredevils,field,Delhi Daredevils,SP Goswami,M Chinnaswamy Stadium
46,Kolkata,5/20/2008,Kolkata Knight Riders,Rajasthan Royals,Rajasthan Royals,field,Rajasthan Royals,YK Pathan,Eden Gardens
47,Mumbai,5/21/2008,Kings XI Punjab,Mumbai Indians,Mumbai Indians,field,Kings XI Punjab,SE Marsh,Wankhede Stadium
48,Chennai,5/21/2008,Royal Challengers Bangalore,Chennai Super Kings,Royal Challengers Bangalore,bat,Royal Challengers Bangalore,A Kumble,"MA Chidambaram Stadium, Chepauk"
49,Chandigarh,5/23/2008,Deccan Chargers,Kings XI Punjab,Kings XI Punjab,field,Kings XI Punjab,SE Marsh,"Punjab Cricket Association Stadium, Mohali"
50,Delhi,5/24/2008,Mumbai Indians,Delhi Daredevils,Delhi Daredevils,field,Delhi Daredevils,KD Karthik,Feroz Shah Kotla
51,Chennai,5/24/2008,Rajasthan Royals,Chennai Super Kings,Rajasthan Royals,bat,Rajasthan Royals,JA Morkel,"MA Chidambaram Stadium, Chepauk"
52,Bangalore,05-03-2008,Royal Challengers Bangalore,Deccan Chargers,Deccan Chargers,field,Royal Challengers Bangalore,P Kumar,M Chinnaswamy Stadium
53,Kolkata,5/25/2008,Kings XI Punjab,Kolkata Knight Riders,Kings XI Punjab,bat,Kolkata Knight Riders,Umar Gul,Eden Gardens
54,Jaipur,5/26/2008,Mumbai Indians,Rajasthan Royals,Rajasthan Royals,field,Rajasthan Royals,Sohail Tanvir,Sawai Mansingh Stadium
55,Hyderabad,5/27/2008,Deccan Chargers,Chennai Super Kings,Deccan Chargers,bat,Chennai Super Kings,SK Raina,"Rajiv Gandhi International Stadium, Uppal"
56,Mumbai,5/30/2008,Rajasthan Royals,Delhi Daredevils,Delhi Daredevils,field,Rajasthan Royals,SR Watson,Wankhede Stadium
57,Mumbai,5/31/2008,Kings XI Punjab,Chennai Super Kings,Kings XI Punjab,bat,Chennai Super Kings,M Ntini,Wankhede Stadium
58,Mumbai,06-01-2008,Chennai Super Kings,Rajasthan Royals,Rajasthan Royals,field,Rajasthan Royals,YK Pathan,Dr DY Patil Sports Academy
59,Cape Town,4/18/2009,Mumbai Indians,Chennai Super Kings,Chennai Super Kings,field,Mumbai Indians,SR Tendulkar,Newlands
60,Cape Town,4/18/2009,Royal Challengers Bangalore,Rajasthan Royals,Royal Challengers Bangalore,bat,Royal Challengers Bangalore,R Dravid,Newlands
61,Cape Town,4/19/2009,Kings XI Punjab,Delhi Daredevils,Delhi Daredevils,field,Delhi Daredevils,DL Vettori,Newlands
62,Cape Town,4/19/2009,Kolkata Knight Riders,Deccan Chargers,Kolkata Knight Riders,bat,Deccan Chargers,RP Singh,Newlands
63,Port Elizabeth,4/20/2009,Chennai Super Kings,Royal Challengers Bangalore,Chennai Super Kings,bat,Chennai Super Kings,M Muralitharan,St George's Park
64,Durban,4/21/2009,Kings XI Punjab,Kolkata Knight Riders,Kolkata Knight Riders,field,Kolkata Knight Riders,CH Gayle,Kingsmead
65,Cape Town,4/22/2009,Deccan Chargers,Royal Challengers Bangalore,Deccan Chargers,bat,Deccan Chargers,AC Gilchrist,Newlands
66,Durban,4/23/2009,Delhi Daredevils,Chennai Super Kings,Delhi Daredevils,bat,Delhi Daredevils,AB de Villiers,Kingsmead
67,Cape Town,4/23/2009,Rajasthan Royals,Kolkata Knight Riders,Kolkata Knight Riders,field,Rajasthan Royals,YK Pathan,Newlands
68,Durban,4/24/2009,Royal Challengers Bangalore,Kings XI Punjab,Royal Challengers Bangalore,bat,Kings XI Punjab,RS Bopara,Kingsmead
69,Durban,4/25/2009,Deccan Chargers,Mumbai Indians,Deccan Chargers,bat,Deccan Chargers,PP Ojha,Kingsmead
70,Port Elizabeth,4/26/2009,Royal Challengers Bangalore,Delhi Daredevils,Royal Challengers Bangalore,bat,Delhi Daredevils,TM Dilshan,St George's Park
71,Cape Town,4/26/2009,Kings XI Punjab,Rajasthan Royals,Kings XI Punjab,bat,Kings XI Punjab,KC Sangakkara,Newlands
72,Durban,4/27/2009,Chennai Super Kings,Deccan Chargers,Deccan Chargers,field,Deccan Chargers,HH Gibbs,Kingsmead
73,Port Elizabeth,4/27/2009,Mumbai Indians,Kolkata Knight Riders,Mumbai Indians,bat,Mumbai Indians,SR Tendulkar,St George's Park
74,Centurion,4/28/2009,Delhi Daredevils,Rajasthan Royals,Delhi Daredevils,bat,Rajasthan Royals,YK Pathan,SuperSport Park
75,Durban,4/29/2009,Kolkata Knight Riders,Royal Challengers Bangalore,Kolkata Knight Riders,bat,Royal Challengers Bangalore,MV Boucher,Kingsmead
76,Durban,4/29/2009,Kings XI Punjab,Mumbai Indians,Kings XI Punjab,bat,Kings XI Punjab,KC Sangakkara,Kingsmead
77,Centurion,4/30/2009,Deccan Chargers,Delhi Daredevils,Delhi Daredevils,field,Delhi Daredevils,DP Nannes,SuperSport Park
78,Centurion,4/30/2009,Chennai Super Kings,Rajasthan Royals,Rajasthan Royals,field,Chennai Super Kings,SK Raina,SuperSport Park
79,East London,05-01-2009,Mumbai Indians,Kolkata Knight Riders,Mumbai Indians,bat,Mumbai Indians,JP Duminy,Buffalo Park
80,Durban,05-01-2009,Royal Challengers Bangalore,Kings XI Punjab,Royal Challengers Bangalore,bat,Royal Challengers Bangalore,Yuvraj Singh,Kingsmead
81,Port Elizabeth,05-02-2009,Deccan Chargers,Rajasthan Royals,Deccan Chargers,bat,Rajasthan Royals,YK Pathan,St George's Park
82,Johannesburg,05-02-2009,Chennai Super Kings,Delhi Daredevils,Delhi Daredevils,field,Chennai Super Kings,SB Jakati,New Wanderers Stadium
83,Port Elizabeth,05-03-2009,Kolkata Knight Riders,Kings XI Punjab,Kolkata Knight Riders,bat,Kings XI Punjab,DPMD Jayawardene,St George's Park
84,Johannesburg,05-03-2009,Mumbai Indians,Royal Challengers Bangalore,Mumbai Indians,bat,Royal Challengers Bangalore,JH Kallis,New Wanderers Stadium
85,East London,05-04-2009,Chennai Super Kings,Deccan Chargers,Chennai Super Kings,bat,Chennai Super Kings,MS Dhoni,Buffalo Park
86,Durban,05-05-2009,Rajasthan Royals,Kings XI Punjab,Kings XI Punjab,field,Rajasthan Royals,GC Smith,Kingsmead
87,Durban,05-05-2009,Kolkata Knight Riders,Delhi Daredevils,Kolkata Knight Riders,bat,Delhi Daredevils,G Gambhir,Kingsmead
88,Centurion,05-06-2009,Deccan Chargers,Mumbai Indians,Deccan Chargers,bat,Deccan Chargers,RG Sharma,SuperSport Park
89,Centurion,05-07-2009,Royal Challengers Bangalore,Rajasthan Royals,Rajasthan Royals,field,Rajasthan Royals,A Singh,SuperSport Park
90,Centurion,05-07-2009,Chennai Super Kings,Kings XI Punjab,Chennai Super Kings,bat,Chennai Super Kings,ML Hayden,SuperSport Park
91,East London,05-08-2009,Mumbai Indians,Delhi Daredevils,Mumbai Indians,bat,Delhi Daredevils,A Nehra,Buffalo Park
92,Kimberley,05-09-2009,Deccan Chargers,Kings XI Punjab,Kings XI Punjab,field,Kings XI Punjab,DPMD Jayawardene,De Beers Diamond Oval
93,Kimberley,05-09-2009,Rajasthan Royals,Chennai Super Kings,Rajasthan Royals,bat,Chennai Super Kings,S Badrinath,De Beers Diamond Oval
94,Port Elizabeth,05-10-2009,Mumbai Indians,Royal Challengers Bangalore,Mumbai Indians,bat,Mumbai Indians,JP Duminy,St George's Park
95,Johannesburg,05-10-2009,Kolkata Knight Riders,Delhi Daredevils,Delhi Daredevils,field,Delhi Daredevils,A Mishra,New Wanderers Stadium
96,Kimberley,05-11-2009,Deccan Chargers,Rajasthan Royals,Deccan Chargers,bat,Deccan Chargers,DR Smith,De Beers Diamond Oval
97,Centurion,05-12-2009,Kolkata Knight Riders,Royal Challengers Bangalore,Royal Challengers Bangalore,field,Royal Challengers Bangalore,LRPL Taylor,SuperSport Park
98,Centurion,05-12-2009,Kings XI Punjab,Mumbai Indians,Kings XI Punjab,bat,Mumbai Indians,Harbhajan Singh,SuperSport Park
99,Durban,5/13/2009,Delhi Daredevils,Deccan Chargers,Deccan Chargers,field,Delhi Daredevils,R Bhatia,Kingsmead
100,Durban,5/14/2009,Chennai Super Kings,Royal Challengers Bangalore,Chennai Super Kings,bat,Royal Challengers Bangalore,LRPL Taylor,Kingsmead
101,Durban,5/14/2009,Rajasthan Royals,Mumbai Indians,Rajasthan Royals,bat,Rajasthan Royals,SK Warne,Kingsmead
102,Bloemfontein,5/15/2009,Delhi Daredevils,Kings XI Punjab,Kings XI Punjab,field,Kings XI Punjab,B Lee,OUTsurance Oval
103,Port Elizabeth,5/16/2009,Mumbai Indians,Chennai Super Kings,Mumbai Indians,bat,Chennai Super Kings,ML Hayden,St George's Park
104,Johannesburg,5/16/2009,Kolkata Knight Riders,Deccan Chargers,Deccan Chargers,field,Deccan Chargers,RG Sharma,New Wanderers Stadium
105,Johannesburg,5/17/2009,Kings XI Punjab,Deccan Chargers,Deccan Chargers,field,Kings XI Punjab,Yuvraj Singh,New Wanderers Stadium
106,Bloemfontein,5/17/2009,Delhi Daredevils,Rajasthan Royals,Delhi Daredevils,bat,Delhi Daredevils,AB de Villiers,OUTsurance Oval
107,Centurion,5/18/2009,Chennai Super Kings,Kolkata Knight Riders,Chennai Super Kings,bat,Kolkata Knight Riders,BJ Hodge,SuperSport Park
108,Johannesburg,5/19/2009,Delhi Daredevils,Royal Challengers Bangalore,Delhi Daredevils,bat,Royal Challengers Bangalore,JH Kallis,New Wanderers Stadium
109,Durban,5/20/2009,Rajasthan Royals,Kolkata Knight Riders,Kolkata Knight Riders,field,Kolkata Knight Riders,LR Shukla,Kingsmead
110,Durban,5/20/2009,Chennai Super Kings,Kings XI Punjab,Chennai Super Kings,bat,Chennai Super Kings,M Muralitharan,Kingsmead
111,Centurion,5/21/2009,Mumbai Indians,Delhi Daredevils,Delhi Daredevils,field,Delhi Daredevils,V Sehwag,SuperSport Park
112,Centurion,5/21/2009,Royal Challengers Bangalore,Deccan Chargers,Royal Challengers Bangalore,bat,Royal Challengers Bangalore,MK Pandey,SuperSport Park
113,Centurion,5/22/2009,Delhi Daredevils,Deccan Chargers,Deccan Chargers,field,Deccan Chargers,AC Gilchrist,SuperSport Park
114,Johannesburg,5/23/2009,Chennai Super Kings,Royal Challengers Bangalore,Royal Challengers Bangalore,field,Royal Challengers Bangalore,MK Pandey,New Wanderers Stadium
115,Johannesburg,5/24/2009,Deccan Chargers,Royal Challengers Bangalore,Royal Challengers Bangalore,field,Deccan Chargers,A Kumble,New Wanderers Stadium
116,Mumbai,03-12-2010,Kolkata Knight Riders,Deccan Chargers,Deccan Chargers,field,Kolkata Knight Riders,AD Mathews,Dr DY Patil Sports Academy
117,Mumbai,3/13/2010,Mumbai Indians,Rajasthan Royals,Mumbai Indians,bat,Mumbai Indians,YK Pathan,Brabourne Stadium
118,Chandigarh,3/13/2010,Kings XI Punjab,Delhi Daredevils,Delhi Daredevils,field,Delhi Daredevils,G Gambhir,"Punjab Cricket Association Stadium, Mohali"
119,Kolkata,3/14/2010,Royal Challengers Bangalore,Kolkata Knight Riders,Kolkata Knight Riders,field,Kolkata Knight Riders,MK Tiwary,Eden Gardens
120,Chennai,3/14/2010,Deccan Chargers,Chennai Super Kings,Deccan Chargers,bat,Deccan Chargers,WPUJC Vaas,"MA Chidambaram Stadium, Chepauk"
121,Ahmedabad,3/15/2010,Rajasthan Royals,Delhi Daredevils,Delhi Daredevils,field,Delhi Daredevils,V Sehwag,"Sardar Patel Stadium, Motera"
122,Bangalore,3/16/2010,Kings XI Punjab,Royal Challengers Bangalore,Kings XI Punjab,bat,Royal Challengers Bangalore,JH Kallis,M Chinnaswamy Stadium
123,Kolkata,3/16/2010,Chennai Super Kings,Kolkata Knight Riders,Chennai Super Kings,bat,Chennai Super Kings,MS Dhoni,Eden Gardens
124,Delhi,3/17/2010,Mumbai Indians,Delhi Daredevils,Delhi Daredevils,field,Mumbai Indians,SR Tendulkar,Feroz Shah Kotla
125,Bangalore,3/18/2010,Rajasthan Royals,Royal Challengers Bangalore,Royal Challengers Bangalore,field,Royal Challengers Bangalore,JH Kallis,M Chinnaswamy Stadium
126,Delhi,3/19/2010,Delhi Daredevils,Chennai Super Kings,Delhi Daredevils,bat,Chennai Super Kings,ML Hayden,Feroz Shah Kotla
127,Cuttack,3/19/2010,Deccan Chargers,Kings XI Punjab,Kings XI Punjab,field,Deccan Chargers,A Symonds,Barabati Stadium
128,Ahmedabad,3/20/2010,Rajasthan Royals,Kolkata Knight Riders,Rajasthan Royals,bat,Rajasthan Royals,AA Jhunjhunwala,"Sardar Patel Stadium, Motera"
129,Mumbai,3/20/2010,Mumbai Indians,Royal Challengers Bangalore,Mumbai Indians,bat,Royal Challengers Bangalore,JH Kallis,Brabourne Stadium
130,Cuttack,3/21/2010,Deccan Chargers,Delhi Daredevils,Deccan Chargers,bat,Deccan Chargers,A Symonds,Barabati Stadium
131,Chennai,3/21/2010,Kings XI Punjab,Chennai Super Kings,Chennai Super Kings,field,Kings XI Punjab,J Theron,"MA Chidambaram Stadium, Chepauk"
132,Mumbai,3/22/2010,Kolkata Knight Riders,Mumbai Indians,Kolkata Knight Riders,bat,Mumbai Indians,SR Tendulkar,Brabourne Stadium
133,Bangalore,3/23/2010,Royal Challengers Bangalore,Chennai Super Kings,Chennai Super Kings,field,Royal Challengers Bangalore,RV Uthappa,M Chinnaswamy Stadium
134,Chandigarh,3/24/2010,Rajasthan Royals,Kings XI Punjab,Kings XI Punjab,field,Rajasthan Royals,AC Voges,"Punjab Cricket Association Stadium, Mohali"
135,Mumbai,3/25/2010,Chennai Super Kings,Mumbai Indians,Mumbai Indians,field,Mumbai Indians,SR Tendulkar,Brabourne Stadium
136,Ahmedabad,3/26/2010,Deccan Chargers,Rajasthan Royals,Deccan Chargers,bat,Rajasthan Royals,YK Pathan,"Sardar Patel Stadium, Motera"
137,Chandigarh,3/27/2010,Kolkata Knight Riders,Kings XI Punjab,Kolkata Knight Riders,bat,Kolkata Knight Riders,MK Tiwary,"Punjab Cricket Association Stadium, Mohali"
138,Bangalore,3/25/2010,Delhi Daredevils,Royal Challengers Bangalore,Royal Challengers Bangalore,field,Delhi Daredevils,KM Jadhav,M Chinnaswamy Stadium
139,Ahmedabad,3/28/2010,Rajasthan Royals,Chennai Super Kings,Rajasthan Royals,bat,Rajasthan Royals,NV Ojha,"Sardar Patel Stadium, Motera"
140,Mumbai,3/28/2010,Mumbai Indians,Deccan Chargers,Deccan Chargers,field,Mumbai Indians,Harbhajan Singh,Dr DY Patil Sports Academy
141,Delhi,3/29/2010,Delhi Daredevils,Kolkata Knight Riders,Delhi Daredevils,bat,Delhi Daredevils,DA Warner,Feroz Shah Kotla
142,Mumbai,3/30/2010,Kings XI Punjab,Mumbai Indians,Mumbai Indians,field,Mumbai Indians,SL Malinga,Brabourne Stadium
143,Chennai,3/31/2010,Royal Challengers Bangalore,Chennai Super Kings,Royal Challengers Bangalore,bat,Chennai Super Kings,M Vijay,"MA Chidambaram Stadium, Chepauk"
144,Delhi,3/31/2010,Delhi Daredevils,Rajasthan Royals,Delhi Daredevils,bat,Delhi Daredevils,KD Karthik,Feroz Shah Kotla
145,Kolkata,04-01-2010,Kolkata Knight Riders,Deccan Chargers,Kolkata Knight Riders,bat,Kolkata Knight Riders,SC Ganguly,Eden Gardens
146,Chandigarh,04-02-2010,Kings XI Punjab,Royal Challengers Bangalore,Kings XI Punjab,bat,Royal Challengers Bangalore,KP Pietersen,"Punjab Cricket Association Stadium, Mohali"
147,Chennai,04-03-2010,Chennai Super Kings,Rajasthan Royals,Chennai Super Kings,bat,Chennai Super Kings,M Vijay,"MA Chidambaram Stadium, Chepauk"
148,Mumbai,04-03-2010,Mumbai Indians,Deccan Chargers,Mumbai Indians,bat,Mumbai Indians,AT Rayudu,Brabourne Stadium
149,Kolkata,04-04-2010,Kolkata Knight Riders,Kings XI Punjab,Kolkata Knight Riders,bat,Kings XI Punjab,DPMD Jayawardene,Eden Gardens
150,Delhi,04-04-2010,Delhi Daredevils,Royal Challengers Bangalore,Delhi Daredevils,bat,Delhi Daredevils,PD Collingwood,Feroz Shah Kotla
151,Nagpur,04-05-2010,Rajasthan Royals,Deccan Chargers,Rajasthan Royals,bat,Rajasthan Royals,SK Warne,"Vidarbha Cricket Association Stadium, Jamtha"
152,Chennai,04-06-2010,Chennai Super Kings,Mumbai Indians,Chennai Super Kings,bat,Chennai Super Kings,SK Raina,"MA Chidambaram Stadium, Chepauk"
153,Jaipur,04-07-2010,Kings XI Punjab,Rajasthan Royals,Kings XI Punjab,bat,Rajasthan Royals,MJ Lumb,Sawai Mansingh Stadium
154,Kolkata,04-07-2010,Kolkata Knight Riders,Delhi Daredevils,Kolkata Knight Riders,bat,Kolkata Knight Riders,SC Ganguly,Eden Gardens
155,Bangalore,04-08-2010,Royal Challengers Bangalore,Deccan Chargers,Deccan Chargers,field,Deccan Chargers,TL Suman,M Chinnaswamy Stadium
156,Chandigarh,04-09-2010,Mumbai Indians,Kings XI Punjab,Mumbai Indians,bat,Kings XI Punjab,KC Sangakkara,"Punjab Cricket Association Stadium, Mohali"
157,Nagpur,04-10-2010,Chennai Super Kings,Deccan Chargers,Chennai Super Kings,bat,Deccan Chargers,RJ Harris,"Vidarbha Cricket Association Stadium, Jamtha"
158,Bangalore,04-10-2010,Kolkata Knight Riders,Royal Challengers Bangalore,Royal Challengers Bangalore,field,Royal Challengers Bangalore,R Vinay Kumar,M Chinnaswamy Stadium
159,Delhi,04-11-2010,Delhi Daredevils,Kings XI Punjab,Delhi Daredevils,bat,Kings XI Punjab,PP Chawla,Feroz Shah Kotla
160,Jaipur,04-11-2010,Mumbai Indians,Rajasthan Royals,Rajasthan Royals,field,Mumbai Indians,SR Tendulkar,Sawai Mansingh Stadium
161,Nagpur,04-12-2010,Deccan Chargers,Royal Challengers Bangalore,Royal Challengers Bangalore,field,Deccan Chargers,Harmeet Singh,"Vidarbha Cricket Association Stadium, Jamtha"
162,Mumbai,4/13/2010,Mumbai Indians,Delhi Daredevils,Mumbai Indians,bat,Mumbai Indians,KA Pollard,Brabourne Stadium
163,Chennai,4/13/2010,Kolkata Knight Riders,Chennai Super Kings,Kolkata Knight Riders,bat,Chennai Super Kings,R Ashwin,"MA Chidambaram Stadium, Chepauk"
164,Jaipur,4/14/2010,Rajasthan Royals,Royal Challengers Bangalore,Rajasthan Royals,bat,Royal Challengers Bangalore,KP Pietersen,Sawai Mansingh Stadium
165,Chennai,4/15/2010,Chennai Super Kings,Delhi Daredevils,Chennai Super Kings,bat,Delhi Daredevils,G Gambhir,"MA Chidambaram Stadium, Chepauk"
166,Dharamsala,4/16/2010,Kings XI Punjab,Deccan Chargers,Deccan Chargers,field,Deccan Chargers,RG Sharma,Himachal Pradesh Cricket Association Stadium
167,Bangalore,4/17/2010,Mumbai Indians,Royal Challengers Bangalore,Royal Challengers Bangalore,field,Mumbai Indians,R McLaren,M Chinnaswamy Stadium
168,Kolkata,4/17/2010,Rajasthan Royals,Kolkata Knight Riders,Rajasthan Royals,bat,Kolkata Knight Riders,JD Unadkat,Eden Gardens
169,Dharamsala,4/18/2010,Kings XI Punjab,Chennai Super Kings,Chennai Super Kings,field,Chennai Super Kings,MS Dhoni,Himachal Pradesh Cricket Association Stadium
170,Delhi,4/18/2010,Deccan Chargers,Delhi Daredevils,Deccan Chargers,bat,Deccan Chargers,A Symonds,Feroz Shah Kotla
171,Kolkata,4/19/2010,Mumbai Indians,Kolkata Knight Riders,Mumbai Indians,bat,Kolkata Knight Riders,M Kartik,Eden Gardens
172,Mumbai,4/21/2010,Mumbai Indians,Royal Challengers Bangalore,Mumbai Indians,bat,Mumbai Indians,KA Pollard,Dr DY Patil Sports Academy
173,Mumbai,4/22/2010,Chennai Super Kings,Deccan Chargers,Chennai Super Kings,bat,Chennai Super Kings,DE Bollinger,Dr DY Patil Sports Academy
174,Mumbai,4/24/2010,Deccan Chargers,Royal Challengers Bangalore,Deccan Chargers,bat,Royal Challengers Bangalore,A Kumble,Dr DY Patil Sports Academy
175,Mumbai,4/25/2010,Chennai Super Kings,Mumbai Indians,Chennai Super Kings,bat,Chennai Super Kings,SK Raina,Dr DY Patil Sports Academy
176,Chennai,04-08-2011,Chennai Super Kings,Kolkata Knight Riders,Chennai Super Kings,bat,Chennai Super Kings,S Anirudha,"MA Chidambaram Stadium, Chepauk"
177,Hyderabad,04-09-2011,Deccan Chargers,Rajasthan Royals,Rajasthan Royals,field,Rajasthan Royals,SK Trivedi,"Rajiv Gandhi International Stadium, Uppal"
178,Kochi,04-09-2011,Kochi Tuskers Kerala,Royal Challengers Bangalore,Kochi Tuskers Kerala,bat,Royal Challengers Bangalore,AB de Villiers,Nehru Stadium
179,Delhi,04-10-2011,Delhi Daredevils,Mumbai Indians,Delhi Daredevils,bat,Mumbai Indians,SL Malinga,Feroz Shah Kotla
180,Mumbai,04-10-2011,Kings XI Punjab,Pune Warriors,Kings XI Punjab,bat,Pune Warriors,SB Wagh,Dr DY Patil Sports Academy
181,Kolkata,04-11-2011,Kolkata Knight Riders,Deccan Chargers,Kolkata Knight Riders,bat,Kolkata Knight Riders,JH Kallis,Eden Gardens
182,Jaipur,04-12-2011,Delhi Daredevils,Rajasthan Royals,Delhi Daredevils,bat,Rajasthan Royals,SK Warne,Sawai Mansingh Stadium
183,Bangalore,04-12-2011,Royal Challengers Bangalore,Mumbai Indians,Mumbai Indians,field,Mumbai Indians,SR Tendulkar,M Chinnaswamy Stadium
184,Chandigarh,4/13/2011,Chennai Super Kings,Kings XI Punjab,Kings XI Punjab,field,Kings XI Punjab,PC Valthaty,"Punjab Cricket Association Stadium, Mohali"
185,Mumbai,4/13/2011,Kochi Tuskers Kerala,Pune Warriors,Kochi Tuskers Kerala,bat,Pune Warriors,MD Mishra,Dr DY Patil Sports Academy
186,Hyderabad,4/14/2011,Deccan Chargers,Royal Challengers Bangalore,Royal Challengers Bangalore,field,Deccan Chargers,DW Steyn,"Rajiv Gandhi International Stadium, Uppal"
187,Jaipur,4/15/2011,Rajasthan Royals,Kolkata Knight Riders,Kolkata Knight Riders,field,Kolkata Knight Riders,G Gambhir,Sawai Mansingh Stadium
188,Mumbai,4/15/2011,Mumbai Indians,Kochi Tuskers Kerala,Kochi Tuskers Kerala,field,Kochi Tuskers Kerala,BB McCullum,Wankhede Stadium
189,Chennai,4/16/2011,Chennai Super Kings,Royal Challengers Bangalore,Chennai Super Kings,bat,Chennai Super Kings,MEK Hussey,"MA Chidambaram Stadium, Chepauk"
190,Hyderabad,4/16/2011,Deccan Chargers,Kings XI Punjab,Kings XI Punjab,field,Kings XI Punjab,PC Valthaty,"Rajiv Gandhi International Stadium, Uppal"
191,Mumbai,4/17/2011,Pune Warriors,Delhi Daredevils,Delhi Daredevils,field,Delhi Daredevils,Yuvraj Singh,Dr DY Patil Sports Academy
192,Kolkata,4/17/2011,Rajasthan Royals,Kolkata Knight Riders,Kolkata Knight Riders,field,Kolkata Knight Riders,L Balaji,Eden Gardens
193,Kochi,4/18/2011,Chennai Super Kings,Kochi Tuskers Kerala,Kochi Tuskers Kerala,field,Kochi Tuskers Kerala,BB McCullum,Nehru Stadium
194,Delhi,4/19/2011,Deccan Chargers,Delhi Daredevils,Deccan Chargers,bat,Deccan Chargers,S Sohal,Feroz Shah Kotla
195,Mumbai,4/20/2011,Pune Warriors,Mumbai Indians,Pune Warriors,bat,Mumbai Indians,MM Patel,Wankhede Stadium
196,Kolkata,4/20/2011,Kochi Tuskers Kerala,Kolkata Knight Riders,Kolkata Knight Riders,field,Kochi Tuskers Kerala,DPMD Jayawardene,Eden Gardens
197,Chandigarh,4/21/2011,Kings XI Punjab,Rajasthan Royals,Rajasthan Royals,field,Kings XI Punjab,SE Marsh,"Punjab Cricket Association Stadium, Mohali"
198,Mumbai,4/22/2011,Mumbai Indians,Chennai Super Kings,Chennai Super Kings,field,Mumbai Indians,Harbhajan Singh,Wankhede Stadium
199,Kolkata,4/22/2011,Kolkata Knight Riders,Royal Challengers Bangalore,Royal Challengers Bangalore,field,Royal Challengers Bangalore,CH Gayle,Eden Gardens
200,Delhi,4/23/2011,Delhi Daredevils,Kings XI Punjab,Kings XI Punjab,field,Delhi Daredevils,DA Warner,Feroz Shah Kotla
201,Hyderabad,4/24/2011,Mumbai Indians,Deccan Chargers,Deccan Chargers,field,Mumbai Indians,SL Malinga,"Rajiv Gandhi International Stadium, Uppal"
202,Jaipur,4/24/2011,Kochi Tuskers Kerala,Rajasthan Royals,Rajasthan Royals,field,Rajasthan Royals,SK Warne,Sawai Mansingh Stadium
203,Chennai,4/25/2011,Chennai Super Kings,Pune Warriors,Pune Warriors,field,Chennai Super Kings,MEK Hussey,"MA Chidambaram Stadium, Chepauk"
204,Delhi,4/26/2011,Delhi Daredevils,Royal Challengers Bangalore,Royal Challengers Bangalore,field,Royal Challengers Bangalore,V Kohli,Feroz Shah Kotla
205,Mumbai,4/27/2011,Pune Warriors,Chennai Super Kings,Pune Warriors,bat,Chennai Super Kings,DE Bollinger,Dr DY Patil Sports Academy
206,Kochi,4/27/2011,Deccan Chargers,Kochi Tuskers Kerala,Kochi Tuskers Kerala,field,Deccan Chargers,I Sharma,Nehru Stadium
207,Delhi,4/28/2011,Kolkata Knight Riders,Delhi Daredevils,Delhi Daredevils,field,Kolkata Knight Riders,MK Tiwary,Feroz Shah Kotla
208,Jaipur,4/29/2011,Mumbai Indians,Rajasthan Royals,Rajasthan Royals,field,Rajasthan Royals,J Botha,Sawai Mansingh Stadium
209,Bangalore,4/29/2011,Royal Challengers Bangalore,Pune Warriors,Pune Warriors,field,Royal Challengers Bangalore,V Kohli,M Chinnaswamy Stadium
210,Kochi,4/30/2011,Delhi Daredevils,Kochi Tuskers Kerala,Delhi Daredevils,bat,Delhi Daredevils,V Sehwag,Nehru Stadium
211,Kolkata,4/30/2011,Kings XI Punjab,Kolkata Knight Riders,Kolkata Knight Riders,field,Kolkata Knight Riders,Iqbal Abdulla,Eden Gardens
212,Jaipur,05-01-2011,Pune Warriors,Rajasthan Royals,Rajasthan Royals,field,Rajasthan Royals,LRPL Taylor,Sawai Mansingh Stadium
213,Chennai,05-01-2011,Chennai Super Kings,Deccan Chargers,Chennai Super Kings,bat,Chennai Super Kings,JA Morkel,"MA Chidambaram Stadium, Chepauk"
214,Mumbai,05-02-2011,Mumbai Indians,Kings XI Punjab,Kings XI Punjab,field,Mumbai Indians,KA Pollard,Wankhede Stadium
215,Delhi,05-02-2011,Delhi Daredevils,Kochi Tuskers Kerala,Kochi Tuskers Kerala,field,Kochi Tuskers Kerala,P Parameswaran,Feroz Shah Kotla
216,Hyderabad,05-03-2011,Kolkata Knight Riders,Deccan Chargers,Deccan Chargers,field,Kolkata Knight Riders,YK Pathan,"Rajiv Gandhi International Stadium, Uppal"
217,Chennai,05-04-2011,Rajasthan Royals,Chennai Super Kings,Rajasthan Royals,bat,Chennai Super Kings,MEK Hussey,"MA Chidambaram Stadium, Chepauk"
218,Mumbai,05-04-2011,Mumbai Indians,Pune Warriors,Pune Warriors,field,Mumbai Indians,R Sharma,Dr DY Patil Sports Academy
219,Kochi,05-05-2011,Kochi Tuskers Kerala,Kolkata Knight Riders,Kolkata Knight Riders,field,Kochi Tuskers Kerala,BJ Hodge,Nehru Stadium
220,Hyderabad,05-05-2011,Deccan Chargers,Delhi Daredevils,Delhi Daredevils,field,Delhi Daredevils,V Sehwag,"Rajiv Gandhi International Stadium, Uppal"
221,Bangalore,05-06-2011,Royal Challengers Bangalore,Kings XI Punjab,Kings XI Punjab,field,Royal Challengers Bangalore,CH Gayle,M Chinnaswamy Stadium
222,Kolkata,05-07-2011,Chennai Super Kings,Kolkata Knight Riders,Chennai Super Kings,bat,Kolkata Knight Riders,Iqbal Abdulla,Eden Gardens
223,Mumbai,05-07-2011,Mumbai Indians,Delhi Daredevils,Delhi Daredevils,field,Mumbai Indians,AT Rayudu,Wankhede Stadium
224,Bangalore,05-08-2011,Kochi Tuskers Kerala,Royal Challengers Bangalore,Kochi Tuskers Kerala,bat,Royal Challengers Bangalore,CH Gayle,M Chinnaswamy Stadium
225,Chandigarh,05-08-2011,Kings XI Punjab,Pune Warriors,Kings XI Punjab,bat,Pune Warriors,R Sharma,"Punjab Cricket Association Stadium, Mohali"
226,Jaipur,05-09-2011,Chennai Super Kings,Rajasthan Royals,Rajasthan Royals,field,Chennai Super Kings,M Vijay,Sawai Mansingh Stadium
227,Hyderabad,05-10-2011,Deccan Chargers,Pune Warriors,Deccan Chargers,bat,Pune Warriors,MR Marsh,"Rajiv Gandhi International Stadium, Uppal"
228,Chandigarh,05-10-2011,Kings XI Punjab,Mumbai Indians,Mumbai Indians,field,Kings XI Punjab,BA Bhatt,"Punjab Cricket Association Stadium, Mohali"
229,Jaipur,05-11-2011,Rajasthan Royals,Royal Challengers Bangalore,Royal Challengers Bangalore,field,Royal Challengers Bangalore,S Aravind,Sawai Mansingh Stadium
230,Chennai,05-12-2011,Chennai Super Kings,Delhi Daredevils,Chennai Super Kings,bat,Chennai Super Kings,MS Dhoni,"MA Chidambaram Stadium, Chepauk"
231,Indore,5/13/2011,Kochi Tuskers Kerala,Kings XI Punjab,Kings XI Punjab,field,Kings XI Punjab,KD Karthik,Holkar Cricket Stadium
232,Bangalore,5/14/2011,Kolkata Knight Riders,Royal Challengers Bangalore,Royal Challengers Bangalore,field,Royal Challengers Bangalore,CH Gayle,M Chinnaswamy Stadium
233,Mumbai,5/14/2011,Deccan Chargers,Mumbai Indians,Deccan Chargers,bat,Deccan Chargers,A Mishra,Wankhede Stadium
234,Dharamsala,5/15/2011,Kings XI Punjab,Delhi Daredevils,Delhi Daredevils,field,Kings XI Punjab,PP Chawla,Himachal Pradesh Cricket Association Stadium
235,Indore,5/15/2011,Rajasthan Royals,Kochi Tuskers Kerala,Kochi Tuskers Kerala,field,Kochi Tuskers Kerala,BJ Hodge,Holkar Cricket Stadium
236,Mumbai,5/16/2011,Pune Warriors,Deccan Chargers,Deccan Chargers,field,Deccan Chargers,A Mishra,Dr DY Patil Sports Academy
237,Dharamsala,5/17/2011,Kings XI Punjab,Royal Challengers Bangalore,Kings XI Punjab,bat,Kings XI Punjab,AC Gilchrist,Himachal Pradesh Cricket Association Stadium
238,Chennai,5/18/2011,Chennai Super Kings,Kochi Tuskers Kerala,Chennai Super Kings,bat,Chennai Super Kings,WP Saha,"MA Chidambaram Stadium, Chepauk"
239,Mumbai,5/19/2011,Pune Warriors,Kolkata Knight Riders,Kolkata Knight Riders,field,Kolkata Knight Riders,YK Pathan,Dr DY Patil Sports Academy
240,Mumbai,5/20/2011,Mumbai Indians,Rajasthan Royals,Mumbai Indians,bat,Rajasthan Royals,SR Watson,Wankhede Stadium
241,Dharamsala,5/21/2011,Deccan Chargers,Kings XI Punjab,Kings XI Punjab,field,Deccan Chargers,S Dhawan,Himachal Pradesh Cricket Association Stadium
242,Delhi,5/21/2011,Delhi Daredevils,Pune Warriors,Delhi Daredevils,bat,Delhi Daredevils,A Chandila,Feroz Shah Kotla
243,Bangalore,5/22/2011,Chennai Super Kings,Royal Challengers Bangalore,Royal Challengers Bangalore,field,Royal Challengers Bangalore,CH Gayle,M Chinnaswamy Stadium
244,Kolkata,5/22/2011,Kolkata Knight Riders,Mumbai Indians,Mumbai Indians,field,Mumbai Indians,JEC Franklin,Eden Gardens
245,Mumbai,5/24/2011,Royal Challengers Bangalore,Chennai Super Kings,Chennai Super Kings,field,Chennai Super Kings,SK Raina,Wankhede Stadium
246,Mumbai,5/25/2011,Kolkata Knight Riders,Mumbai Indians,Mumbai Indians,field,Mumbai Indians,MM Patel,Wankhede Stadium
247,Chennai,5/27/2011,Royal Challengers Bangalore,Mumbai Indians,Mumbai Indians,field,Royal Challengers Bangalore,CH Gayle,"MA Chidambaram Stadium, Chepauk"
248,Chennai,5/28/2011,Chennai Super Kings,Royal Challengers Bangalore,Chennai Super Kings,bat,Chennai Super Kings,M Vijay,"MA Chidambaram Stadium, Chepauk"
249,Chennai,04-04-2012,Chennai Super Kings,Mumbai Indians,Mumbai Indians,field,Mumbai Indians,RE Levi,"MA Chidambaram Stadium, Chepauk"
250,Kolkata,04-05-2012,Kolkata Knight Riders,Delhi Daredevils,Delhi Daredevils,field,Delhi Daredevils,IK Pathan,Eden Gardens
251,Mumbai,04-06-2012,Pune Warriors,Mumbai Indians,Mumbai Indians,field,Pune Warriors,SPD Smith,Wankhede Stadium
252,Jaipur,04-06-2012,Rajasthan Royals,Kings XI Punjab,Kings XI Punjab,field,Rajasthan Royals,AM Rahane,Sawai Mansingh Stadium
253,Bangalore,04-07-2012,Royal Challengers Bangalore,Delhi Daredevils,Delhi Daredevils,field,Royal Challengers Bangalore,AB de Villiers,M Chinnaswamy Stadium
254,Visakhapatnam,04-07-2012,Chennai Super Kings,Deccan Chargers,Deccan Chargers,field,Chennai Super Kings,RA Jadeja,Dr. Y.S. Rajasekhara Reddy ACA-VDCA Cricket Stadium
255,Jaipur,04-08-2012,Rajasthan Royals,Kolkata Knight Riders,Kolkata Knight Riders,field,Rajasthan Royals,BJ Hodge,Sawai Mansingh Stadium
256,Pune,04-08-2012,Pune Warriors,Kings XI Punjab,Pune Warriors,bat,Pune Warriors,MN Samuels,Subrata Roy Sahara Stadium
257,Visakhapatnam,04-09-2012,Deccan Chargers,Mumbai Indians,Deccan Chargers,bat,Mumbai Indians,RG Sharma,Dr. Y.S. Rajasekhara Reddy ACA-VDCA Cricket Stadium
258,Bangalore,04-10-2012,Kolkata Knight Riders,Royal Challengers Bangalore,Royal Challengers Bangalore,field,Kolkata Knight Riders,L Balaji,M Chinnaswamy Stadium
259,Delhi,04-10-2012,Chennai Super Kings,Delhi Daredevils,Delhi Daredevils,field,Delhi Daredevils,M Morkel,Feroz Shah Kotla
260,Mumbai,04-11-2012,Mumbai Indians,Rajasthan Royals,Rajasthan Royals,field,Mumbai Indians,KA Pollard,Wankhede Stadium
261,Chennai,04-12-2012,Royal Challengers Bangalore,Chennai Super Kings,Royal Challengers Bangalore,bat,Chennai Super Kings,F du Plessis,"MA Chidambaram Stadium, Chepauk"
262,Chandigarh,04-12-2012,Pune Warriors,Kings XI Punjab,Kings XI Punjab,field,Kings XI Punjab,AD Mascarenhas,"Punjab Cricket Association Stadium, Mohali"
263,Kolkata,4/13/2012,Rajasthan Royals,Kolkata Knight Riders,Rajasthan Royals,bat,Kolkata Knight Riders,Shakib Al Hasan,Eden Gardens
264,Delhi,4/19/2012,Deccan Chargers,Delhi Daredevils,Deccan Chargers,bat,Delhi Daredevils,KP Pietersen,Feroz Shah Kotla
265,Pune,4/14/2012,Chennai Super Kings,Pune Warriors,Chennai Super Kings,bat,Pune Warriors,JD Ryder,Subrata Roy Sahara Stadium
266,Kolkata,4/15/2012,Kings XI Punjab,Kolkata Knight Riders,Kolkata Knight Riders,field,Kings XI Punjab,SP Narine,Eden Gardens
267,Bangalore,4/15/2012,Rajasthan Royals,Royal Challengers Bangalore,Rajasthan Royals,bat,Rajasthan Royals,AM Rahane,M Chinnaswamy Stadium
268,Mumbai,4/16/2012,Mumbai Indians,Delhi Daredevils,Delhi Daredevils,field,Delhi Daredevils,S Nadeem,Wankhede Stadium
269,Jaipur,4/17/2012,Deccan Chargers,Rajasthan Royals,Deccan Chargers,bat,Rajasthan Royals,BJ Hodge,Sawai Mansingh Stadium
270,Bangalore,4/17/2012,Pune Warriors,Royal Challengers Bangalore,Pune Warriors,bat,Royal Challengers Bangalore,CH Gayle,M Chinnaswamy Stadium
271,Chandigarh,4/18/2012,Kings XI Punjab,Kolkata Knight Riders,Kings XI Punjab,bat,Kolkata Knight Riders,G Gambhir,"Punjab Cricket Association Stadium, Mohali"
272,Hyderabad,05-10-2012,Deccan Chargers,Delhi Daredevils,Deccan Chargers,bat,Delhi Daredevils,DA Warner,"Rajiv Gandhi International Stadium, Uppal"
273,Chennai,4/19/2012,Chennai Super Kings,Pune Warriors,Pune Warriors,field,Chennai Super Kings,KMDN Kulasekara,"MA Chidambaram Stadium, Chepauk"
274,Chandigarh,4/20/2012,Kings XI Punjab,Royal Challengers Bangalore,Royal Challengers Bangalore,field,Royal Challengers Bangalore,CH Gayle,"Punjab Cricket Association Stadium, Mohali"
275,Chennai,4/21/2012,Rajasthan Royals,Chennai Super Kings,Rajasthan Royals,bat,Chennai Super Kings,F du Plessis,"MA Chidambaram Stadium, Chepauk"
276,Delhi,4/21/2012,Pune Warriors,Delhi Daredevils,Delhi Daredevils,field,Pune Warriors,SC Ganguly,Feroz Shah Kotla
277,Mumbai,4/22/2012,Mumbai Indians,Kings XI Punjab,Mumbai Indians,bat,Kings XI Punjab,SE Marsh,Wankhede Stadium
278,Cuttack,4/22/2012,Deccan Chargers,Kolkata Knight Riders,Kolkata Knight Riders,field,Kolkata Knight Riders,B Lee,Barabati Stadium
279,Jaipur,4/23/2012,Royal Challengers Bangalore,Rajasthan Royals,Rajasthan Royals,field,Royal Challengers Bangalore,AB de Villiers,Sawai Mansingh Stadium
280,Pune,4/24/2012,Pune Warriors,Delhi Daredevils,Pune Warriors,bat,Delhi Daredevils,V Sehwag,Subrata Roy Sahara Stadium
281,Chandigarh,4/25/2012,Kings XI Punjab,Mumbai Indians,Kings XI Punjab,bat,Mumbai Indians,AT Rayudu,"Punjab Cricket Association Stadium, Mohali"
282,Pune,4/26/2012,Deccan Chargers,Pune Warriors,Deccan Chargers,bat,Deccan Chargers,CL White,Subrata Roy Sahara Stadium
283,Delhi,4/27/2012,Delhi Daredevils,Mumbai Indians,Mumbai Indians,field,Delhi Daredevils,V Sehwag,Feroz Shah Kotla
284,Chennai,4/28/2012,Kings XI Punjab,Chennai Super Kings,Kings XI Punjab,bat,Kings XI Punjab,Mandeep Singh,"MA Chidambaram Stadium, Chepauk"
285,Kolkata,4/28/2012,Kolkata Knight Riders,Royal Challengers Bangalore,Kolkata Knight Riders,bat,Kolkata Knight Riders,G Gambhir,Eden Gardens
286,Delhi,4/29/2012,Delhi Daredevils,Rajasthan Royals,Delhi Daredevils,bat,Delhi Daredevils,V Sehwag,Feroz Shah Kotla
287,Mumbai,4/29/2012,Deccan Chargers,Mumbai Indians,Mumbai Indians,field,Mumbai Indians,DW Steyn,Wankhede Stadium
288,Chennai,4/30/2012,Chennai Super Kings,Kolkata Knight Riders,Chennai Super Kings,bat,Kolkata Knight Riders,G Gambhir,"MA Chidambaram Stadium, Chepauk"
289,Cuttack,05-01-2012,Deccan Chargers,Pune Warriors,Deccan Chargers,bat,Deccan Chargers,KC Sangakkara,Barabati Stadium
290,Jaipur,05-01-2012,Rajasthan Royals,Delhi Daredevils,Rajasthan Royals,bat,Delhi Daredevils,P Negi,Sawai Mansingh Stadium
291,Bangalore,05-02-2012,Royal Challengers Bangalore,Kings XI Punjab,Kings XI Punjab,field,Kings XI Punjab,Azhar Mahmood,M Chinnaswamy Stadium
292,Pune,05-03-2012,Mumbai Indians,Pune Warriors,Mumbai Indians,bat,Mumbai Indians,SL Malinga,Subrata Roy Sahara Stadium
293,Chennai,05-04-2012,Chennai Super Kings,Deccan Chargers,Chennai Super Kings,bat,Chennai Super Kings,SK Raina,"MA Chidambaram Stadium, Chepauk"
294,Kolkata,05-05-2012,Kolkata Knight Riders,Pune Warriors,Kolkata Knight Riders,bat,Kolkata Knight Riders,SP Narine,Eden Gardens
295,Chandigarh,05-05-2012,Rajasthan Royals,Kings XI Punjab,Rajasthan Royals,bat,Rajasthan Royals,SR Watson,"Punjab Cricket Association Stadium, Mohali"
296,Mumbai,05-06-2012,Chennai Super Kings,Mumbai Indians,Mumbai Indians,field,Mumbai Indians,DR Smith,Wankhede Stadium
297,Bangalore,05-06-2012,Deccan Chargers,Royal Challengers Bangalore,Royal Challengers Bangalore,field,Royal Challengers Bangalore,AB de Villiers,M Chinnaswamy Stadium
298,Delhi,05-07-2012,Delhi Daredevils,Kolkata Knight Riders,Delhi Daredevils,bat,Kolkata Knight Riders,JH Kallis,Feroz Shah Kotla
299,Pune,05-08-2012,Pune Warriors,Rajasthan Royals,Pune Warriors,bat,Rajasthan Royals,SR Watson,Subrata Roy Sahara Stadium
300,Hyderabad,05-08-2012,Kings XI Punjab,Deccan Chargers,Deccan Chargers,field,Kings XI Punjab,Mandeep Singh,"Rajiv Gandhi International Stadium, Uppal"
301,Mumbai,05-09-2012,Mumbai Indians,Royal Challengers Bangalore,Royal Challengers Bangalore,field,Royal Challengers Bangalore,CH Gayle,Wankhede Stadium
302,Jaipur,05-10-2012,Rajasthan Royals,Chennai Super Kings,Chennai Super Kings,field,Chennai Super Kings,BW Hilfenhaus,Sawai Mansingh Stadium
303,Pune,05-11-2012,Royal Challengers Bangalore,Pune Warriors,Pune Warriors,field,Royal Challengers Bangalore,CH Gayle,Subrata Roy Sahara Stadium
304,Kolkata,05-12-2012,Mumbai Indians,Kolkata Knight Riders,Mumbai Indians,bat,Mumbai Indians,RG Sharma,Eden Gardens
305,Chennai,05-12-2012,Delhi Daredevils,Chennai Super Kings,Chennai Super Kings,field,Chennai Super Kings,BW Hilfenhaus,"MA Chidambaram Stadium, Chepauk"
306,Jaipur,5/13/2012,Rajasthan Royals,Pune Warriors,Rajasthan Royals,bat,Rajasthan Royals,A Chandila,Sawai Mansingh Stadium
307,Chandigarh,5/13/2012,Deccan Chargers,Kings XI Punjab,Deccan Chargers,bat,Kings XI Punjab,DJ Hussey,"Punjab Cricket Association Stadium, Mohali"
308,Bangalore,5/14/2012,Royal Challengers Bangalore,Mumbai Indians,Mumbai Indians,field,Mumbai Indians,AT Rayudu,M Chinnaswamy Stadium
309,Kolkata,5/14/2012,Kolkata Knight Riders,Chennai Super Kings,Chennai Super Kings,field,Chennai Super Kings,MEK Hussey,Eden Gardens
310,Delhi,5/15/2012,Kings XI Punjab,Delhi Daredevils,Kings XI Punjab,bat,Delhi Daredevils,UT Yadav,Feroz Shah Kotla
311,Mumbai,5/16/2012,Kolkata Knight Riders,Mumbai Indians,Mumbai Indians,field,Kolkata Knight Riders,SP Narine,Wankhede Stadium
312,Dharamsala,5/17/2012,Chennai Super Kings,Kings XI Punjab,Kings XI Punjab,field,Kings XI Punjab,AC Gilchrist,Himachal Pradesh Cricket Association Stadium
313,Delhi,5/17/2012,Royal Challengers Bangalore,Delhi Daredevils,Delhi Daredevils,field,Royal Challengers Bangalore,CH Gayle,Feroz Shah Kotla
314,Hyderabad,5/18/2012,Rajasthan Royals,Deccan Chargers,Rajasthan Royals,bat,Deccan Chargers,DW Steyn,"Rajiv Gandhi International Stadium, Uppal"
315,Dharamsala,5/19/2012,Kings XI Punjab,Delhi Daredevils,Delhi Daredevils,field,Delhi Daredevils,UT Yadav,Himachal Pradesh Cricket Association Stadium
316,Pune,5/19/2012,Kolkata Knight Riders,Pune Warriors,Kolkata Knight Riders,bat,Kolkata Knight Riders,Shakib Al Hasan,Subrata Roy Sahara Stadium
317,Hyderabad,5/20/2012,Deccan Chargers,Royal Challengers Bangalore,Royal Challengers Bangalore,field,Deccan Chargers,DW Steyn,"Rajiv Gandhi International Stadium, Uppal"
318,Jaipur,5/20/2012,Rajasthan Royals,Mumbai Indians,Rajasthan Royals,bat,Mumbai Indians,DR Smith,Sawai Mansingh Stadium
319,Pune,5/22/2012,Kolkata Knight Riders,Delhi Daredevils,Kolkata Knight Riders,bat,Kolkata Knight Riders,YK Pathan,Subrata Roy Sahara Stadium
320,Bangalore,5/23/2012,Chennai Super Kings,Mumbai Indians,Mumbai Indians,field,Chennai Super Kings,MS Dhoni,M Chinnaswamy Stadium
321,Chennai,5/25/2012,Chennai Super Kings,Delhi Daredevils,Delhi Daredevils,field,Chennai Super Kings,M Vijay,"MA Chidambaram Stadium, Chepauk"
322,Chennai,5/27/2012,Chennai Super Kings,Kolkata Knight Riders,Chennai Super Kings,bat,Kolkata Knight Riders,MS Bisla,"MA Chidambaram Stadium, Chepauk"
323,Kolkata,04-03-2013,Delhi Daredevils,Kolkata Knight Riders,Kolkata Knight Riders,field,Kolkata Knight Riders,SP Narine,Eden Gardens
324,Bangalore,04-04-2013,Royal Challengers Bangalore,Mumbai Indians,Mumbai Indians,field,Royal Challengers Bangalore,CH Gayle,M Chinnaswamy Stadium
325,Hyderabad,04-05-2013,Sunrisers Hyderabad,Pune Warriors,Pune Warriors,field,Sunrisers Hyderabad,A Mishra,"Rajiv Gandhi International Stadium, Uppal"
326,Delhi,04-06-2013,Rajasthan Royals,Delhi Daredevils,Rajasthan Royals,bat,Rajasthan Royals,R Dravid,Feroz Shah Kotla
327,Chennai,04-06-2013,Mumbai Indians,Chennai Super Kings,Mumbai Indians,bat,Mumbai Indians,KA Pollard,"MA Chidambaram Stadium, Chepauk"
328,Pune,04-07-2013,Pune Warriors,Kings XI Punjab,Pune Warriors,bat,Kings XI Punjab,M Vohra,Subrata Roy Sahara Stadium
329,Hyderabad,04-07-2013,Royal Challengers Bangalore,Sunrisers Hyderabad,Royal Challengers Bangalore,bat,Sunrisers Hyderabad,GH Vihari,"Rajiv Gandhi International Stadium, Uppal"
330,Jaipur,04-08-2013,Rajasthan Royals,Kolkata Knight Riders,Kolkata Knight Riders,field,Rajasthan Royals,SK Trivedi,Sawai Mansingh Stadium
331,Mumbai,04-09-2013,Mumbai Indians,Delhi Daredevils,Mumbai Indians,bat,Mumbai Indians,KD Karthik,Wankhede Stadium
332,Chandigarh,04-10-2013,Kings XI Punjab,Chennai Super Kings,Chennai Super Kings,field,Chennai Super Kings,MEK Hussey,"Punjab Cricket Association Stadium, Mohali"
333,Bangalore,04-11-2013,Kolkata Knight Riders,Royal Challengers Bangalore,Royal Challengers Bangalore,field,Royal Challengers Bangalore,CH Gayle,M Chinnaswamy Stadium
334,Pune,04-11-2013,Rajasthan Royals,Pune Warriors,Rajasthan Royals,bat,Pune Warriors,AJ Finch,Subrata Roy Sahara Stadium
335,Delhi,04-12-2013,Delhi Daredevils,Sunrisers Hyderabad,Delhi Daredevils,bat,Sunrisers Hyderabad,A Mishra,Feroz Shah Kotla
336,Mumbai,4/13/2013,Mumbai Indians,Pune Warriors,Mumbai Indians,bat,Mumbai Indians,RG Sharma,Wankhede Stadium
337,Chennai,4/13/2013,Royal Challengers Bangalore,Chennai Super Kings,Chennai Super Kings,field,Chennai Super Kings,RA Jadeja,"MA Chidambaram Stadium, Chepauk"
338,Kolkata,4/14/2013,Kolkata Knight Riders,Sunrisers Hyderabad,Kolkata Knight Riders,bat,Kolkata Knight Riders,G Gambhir,Eden Gardens
339,Jaipur,4/14/2013,Kings XI Punjab,Rajasthan Royals,Rajasthan Royals,field,Rajasthan Royals,JP Faulkner,Sawai Mansingh Stadium
340,Chennai,4/15/2013,Pune Warriors,Chennai Super Kings,Pune Warriors,bat,Pune Warriors,SPD Smith,"MA Chidambaram Stadium, Chepauk"
341,Chandigarh,4/16/2013,Kings XI Punjab,Kolkata Knight Riders,Kolkata Knight Riders,field,Kings XI Punjab,MS Gony,"Punjab Cricket Association Stadium, Mohali"
342,Bangalore,4/16/2013,Delhi Daredevils,Royal Challengers Bangalore,Royal Challengers Bangalore,field,Royal Challengers Bangalore,V Kohli,M Chinnaswamy Stadium
343,Pune,4/17/2013,Sunrisers Hyderabad,Pune Warriors,Pune Warriors,field,Sunrisers Hyderabad,A Mishra,Subrata Roy Sahara Stadium
344,Jaipur,4/17/2013,Rajasthan Royals,Mumbai Indians,Rajasthan Royals,bat,Rajasthan Royals,AM Rahane,Sawai Mansingh Stadium
345,Delhi,4/18/2013,Chennai Super Kings,Delhi Daredevils,Chennai Super Kings,bat,Chennai Super Kings,MEK Hussey,Feroz Shah Kotla
346,Hyderabad,4/19/2013,Kings XI Punjab,Sunrisers Hyderabad,Kings XI Punjab,bat,Sunrisers Hyderabad,GH Vihari,"Rajiv Gandhi International Stadium, Uppal"
347,Kolkata,4/20/2013,Kolkata Knight Riders,Chennai Super Kings,Kolkata Knight Riders,bat,Chennai Super Kings,RA Jadeja,Eden Gardens
348,Bangalore,4/20/2013,Rajasthan Royals,Royal Challengers Bangalore,Royal Challengers Bangalore,field,Royal Challengers Bangalore,R Vinay Kumar,M Chinnaswamy Stadium
349,Delhi,4/21/2013,Mumbai Indians,Delhi Daredevils,Mumbai Indians,bat,Delhi Daredevils,V Sehwag,Feroz Shah Kotla
350,Chandigarh,4/21/2013,Pune Warriors,Kings XI Punjab,Kings XI Punjab,field,Kings XI Punjab,DA Miller,"Punjab Cricket Association Stadium, Mohali"
351,Chennai,4/22/2013,Rajasthan Royals,Chennai Super Kings,Rajasthan Royals,bat,Chennai Super Kings,MEK Hussey,"MA Chidambaram Stadium, Chepauk"
352,Bangalore,4/23/2013,Royal Challengers Bangalore,Pune Warriors,Pune Warriors,field,Royal Challengers Bangalore,CH Gayle,M Chinnaswamy Stadium
353,Dharamsala,5/16/2013,Kings XI Punjab,Delhi Daredevils,Delhi Daredevils,field,Kings XI Punjab,DA Miller,Himachal Pradesh Cricket Association Stadium
354,Kolkata,4/24/2013,Kolkata Knight Riders,Mumbai Indians,Kolkata Knight Riders,bat,Mumbai Indians,DR Smith,Eden Gardens
355,Chennai,4/25/2013,Sunrisers Hyderabad,Chennai Super Kings,Sunrisers Hyderabad,bat,Chennai Super Kings,MS Dhoni,"MA Chidambaram Stadium, Chepauk"
356,Kolkata,4/26/2013,Kings XI Punjab,Kolkata Knight Riders,Kings XI Punjab,bat,Kolkata Knight Riders,JH Kallis,Eden Gardens
357,Jaipur,4/27/2013,Sunrisers Hyderabad,Rajasthan Royals,Sunrisers Hyderabad,bat,Rajasthan Royals,JP Faulkner,Sawai Mansingh Stadium
358,Mumbai,4/27/2013,Mumbai Indians,Royal Challengers Bangalore,Mumbai Indians,bat,Mumbai Indians,DR Smith,Wankhede Stadium
359,Chennai,4/28/2013,Chennai Super Kings,Kolkata Knight Riders,Kolkata Knight Riders,field,Chennai Super Kings,MEK Hussey,"MA Chidambaram Stadium, Chepauk"
360,Raipur,4/28/2013,Delhi Daredevils,Pune Warriors,Pune Warriors,field,Delhi Daredevils,DA Warner,Shaheed Veer Narayan Singh International Stadium
361,Jaipur,4/29/2013,Royal Challengers Bangalore,Rajasthan Royals,Rajasthan Royals,field,Rajasthan Royals,SV Samson,Sawai Mansingh Stadium
362,Mumbai,4/29/2013,Mumbai Indians,Kings XI Punjab,Mumbai Indians,bat,Mumbai Indians,RG Sharma,Wankhede Stadium
363,Pune,4/30/2013,Chennai Super Kings,Pune Warriors,Chennai Super Kings,bat,Chennai Super Kings,MS Dhoni,Subrata Roy Sahara Stadium
364,Hyderabad,05-01-2013,Mumbai Indians,Sunrisers Hyderabad,Mumbai Indians,bat,Sunrisers Hyderabad,I Sharma,"Rajiv Gandhi International Stadium, Uppal"
365,Raipur,05-01-2013,Kolkata Knight Riders,Delhi Daredevils,Kolkata Knight Riders,bat,Delhi Daredevils,DA Warner,Shaheed Veer Narayan Singh International Stadium
366,Chennai,05-02-2013,Chennai Super Kings,Kings XI Punjab,Chennai Super Kings,bat,Chennai Super Kings,SK Raina,"MA Chidambaram Stadium, Chepauk"
367,Pune,05-02-2013,Royal Challengers Bangalore,Pune Warriors,Royal Challengers Bangalore,bat,Royal Challengers Bangalore,AB de Villiers,Subrata Roy Sahara Stadium
368,Kolkata,05-03-2013,Rajasthan Royals,Kolkata Knight Riders,Rajasthan Royals,bat,Kolkata Knight Riders,YK Pathan,Eden Gardens
369,Hyderabad,05-04-2013,Delhi Daredevils,Sunrisers Hyderabad,Delhi Daredevils,bat,Sunrisers Hyderabad,DJG Sammy,"Rajiv Gandhi International Stadium, Uppal"
370,Bangalore,5/14/2013,Royal Challengers Bangalore,Kings XI Punjab,Kings XI Punjab,field,Kings XI Punjab,AC Gilchrist,M Chinnaswamy Stadium
371,Mumbai,05-05-2013,Mumbai Indians,Chennai Super Kings,Mumbai Indians,bat,Mumbai Indians,MG Johnson,Wankhede Stadium
372,Jaipur,05-05-2013,Pune Warriors,Rajasthan Royals,Pune Warriors,bat,Rajasthan Royals,AM Rahane,Sawai Mansingh Stadium
373,Bangalore,04-09-2013,Sunrisers Hyderabad,Royal Challengers Bangalore,Sunrisers Hyderabad,bat,Royal Challengers Bangalore,V Kohli,M Chinnaswamy Stadium
374,Jaipur,05-07-2013,Delhi Daredevils,Rajasthan Royals,Delhi Daredevils,bat,Rajasthan Royals,AM Rahane,Sawai Mansingh Stadium
375,Mumbai,05-07-2013,Mumbai Indians,Kolkata Knight Riders,Mumbai Indians,bat,Mumbai Indians,SR Tendulkar,Wankhede Stadium
376,Hyderabad,05-08-2013,Chennai Super Kings,Sunrisers Hyderabad,Sunrisers Hyderabad,field,Chennai Super Kings,SK Raina,"Rajiv Gandhi International Stadium, Uppal"
377,Chandigarh,05-09-2013,Kings XI Punjab,Rajasthan Royals,Rajasthan Royals,field,Rajasthan Royals,KK Cooper,"Punjab Cricket Association Stadium, Mohali"
378,Pune,05-09-2013,Kolkata Knight Riders,Pune Warriors,Kolkata Knight Riders,bat,Kolkata Knight Riders,G Gambhir,Subrata Roy Sahara Stadium
379,Delhi,05-10-2013,Royal Challengers Bangalore,Delhi Daredevils,Delhi Daredevils,field,Royal Challengers Bangalore,JD Unadkat,Feroz Shah Kotla
380,Pune,05-11-2013,Pune Warriors,Mumbai Indians,Pune Warriors,bat,Mumbai Indians,MG Johnson,Subrata Roy Sahara Stadium
381,Chandigarh,05-11-2013,Sunrisers Hyderabad,Kings XI Punjab,Kings XI Punjab,field,Sunrisers Hyderabad,PA Patel,"Punjab Cricket Association Stadium, Mohali"
382,Ranchi,05-12-2013,Royal Challengers Bangalore,Kolkata Knight Riders,Kolkata Knight Riders,field,Kolkata Knight Riders,JH Kallis,JSCA International Stadium Complex
383,Jaipur,05-12-2013,Chennai Super Kings,Rajasthan Royals,Rajasthan Royals,field,Rajasthan Royals,SR Watson,Sawai Mansingh Stadium
384,Delhi,4/23/2013,Delhi Daredevils,Kings XI Punjab,Kings XI Punjab,field,Kings XI Punjab,Harmeet Singh,Feroz Shah Kotla
385,Mumbai,5/13/2013,Sunrisers Hyderabad,Mumbai Indians,Sunrisers Hyderabad,bat,Mumbai Indians,KA Pollard,Wankhede Stadium
386,Ranchi,5/15/2013,Pune Warriors,Kolkata Knight Riders,Kolkata Knight Riders,field,Pune Warriors,MK Pandey,JSCA International Stadium Complex
387,Chennai,5/14/2013,Chennai Super Kings,Delhi Daredevils,Chennai Super Kings,bat,Chennai Super Kings,MS Dhoni,"MA Chidambaram Stadium, Chepauk"
388,Mumbai,5/15/2013,Mumbai Indians,Rajasthan Royals,Rajasthan Royals,field,Mumbai Indians,AP Tare,Wankhede Stadium
389,Chandigarh,05-06-2013,Royal Challengers Bangalore,Kings XI Punjab,Kings XI Punjab,field,Kings XI Punjab,DA Miller,"Punjab Cricket Association Stadium, Mohali"
390,Hyderabad,5/17/2013,Sunrisers Hyderabad,Rajasthan Royals,Sunrisers Hyderabad,bat,Sunrisers Hyderabad,A Mishra,"Rajiv Gandhi International Stadium, Uppal"
391,Dharamsala,5/18/2013,Kings XI Punjab,Mumbai Indians,Mumbai Indians,field,Kings XI Punjab,Azhar Mahmood,Himachal Pradesh Cricket Association Stadium
392,Pune,5/19/2013,Pune Warriors,Delhi Daredevils,Pune Warriors,bat,Pune Warriors,LJ Wright,Subrata Roy Sahara Stadium
393,Bangalore,5/18/2013,Royal Challengers Bangalore,Chennai Super Kings,Chennai Super Kings,field,Royal Challengers Bangalore,V Kohli,M Chinnaswamy Stadium
394,Hyderabad,5/19/2013,Kolkata Knight Riders,Sunrisers Hyderabad,Kolkata Knight Riders,bat,Sunrisers Hyderabad,PA Patel,"Rajiv Gandhi International Stadium, Uppal"
395,Delhi,5/21/2013,Chennai Super Kings,Mumbai Indians,Chennai Super Kings,bat,Chennai Super Kings,MEK Hussey,Feroz Shah Kotla
396,Delhi,5/22/2013,Sunrisers Hyderabad,Rajasthan Royals,Sunrisers Hyderabad,bat,Rajasthan Royals,BJ Hodge,Feroz Shah Kotla
397,Kolkata,5/24/2013,Rajasthan Royals,Mumbai Indians,Rajasthan Royals,bat,Mumbai Indians,Harbhajan Singh,Eden Gardens
398,Kolkata,5/26/2013,Mumbai Indians,Chennai Super Kings,Mumbai Indians,bat,Mumbai Indians,KA Pollard,Eden Gardens
399,Abu Dhabi,4/16/2014,Kolkata Knight Riders,Mumbai Indians,Kolkata Knight Riders,bat,Kolkata Knight Riders,JH Kallis,Sheikh Zayed Stadium
400,Sharjah,4/17/2014,Delhi Daredevils,Royal Challengers Bangalore,Royal Challengers Bangalore,field,Royal Challengers Bangalore,YS Chahal,Sharjah Cricket Stadium
401,Abu Dhabi,4/18/2014,Chennai Super Kings,Kings XI Punjab,Chennai Super Kings,bat,Kings XI Punjab,GJ Maxwell,Sheikh Zayed Stadium
402,Abu Dhabi,4/18/2014,Sunrisers Hyderabad,Rajasthan Royals,Rajasthan Royals,field,Rajasthan Royals,AM Rahane,Sheikh Zayed Stadium
403,Mumbai,4/19/2014,Mumbai Indians,Royal Challengers Bangalore,Royal Challengers Bangalore,field,Royal Challengers Bangalore,PA Patel,Dubai International Cricket Stadium
404,Kolkata,4/19/2014,Kolkata Knight Riders,Delhi Daredevils,Kolkata Knight Riders,bat,Delhi Daredevils,JP Duminy,Dubai International Cricket Stadium
405,Sharjah,4/20/2014,Rajasthan Royals,Kings XI Punjab,Kings XI Punjab,field,Kings XI Punjab,GJ Maxwell,Sharjah Cricket Stadium
406,Abu Dhabi,4/21/2014,Chennai Super Kings,Delhi Daredevils,Chennai Super Kings,bat,Chennai Super Kings,SK Raina,Sheikh Zayed Stadium
407,Sharjah,4/22/2014,Kings XI Punjab,Sunrisers Hyderabad,Sunrisers Hyderabad,field,Kings XI Punjab,GJ Maxwell,Sharjah Cricket Stadium
408,Chennai,4/23/2014,Chennai Super Kings,Rajasthan Royals,Rajasthan Royals,field,Chennai Super Kings,RA Jadeja,Dubai International Cricket Stadium
409,Sharjah,4/24/2014,Kolkata Knight Riders,Royal Challengers Bangalore,Royal Challengers Bangalore,field,Kolkata Knight Riders,CA Lynn,Sharjah Cricket Stadium
410,Delhi,4/25/2014,Sunrisers Hyderabad,Delhi Daredevils,Sunrisers Hyderabad,bat,Sunrisers Hyderabad,AJ Finch,Dubai International Cricket Stadium
411,Mumbai,4/25/2014,Mumbai Indians,Chennai Super Kings,Mumbai Indians,bat,Chennai Super Kings,MM Sharma,Dubai International Cricket Stadium
412,Abu Dhabi,4/26/2014,Royal Challengers Bangalore,Rajasthan Royals,Rajasthan Royals,field,Rajasthan Royals,PV Tambe,Sheikh Zayed Stadium
413,Abu Dhabi,4/26/2014,Kings XI Punjab,Kolkata Knight Riders,Kolkata Knight Riders,field,Kings XI Punjab,Sandeep Sharma,Sheikh Zayed Stadium
414,Sharjah,4/27/2014,Mumbai Indians,Delhi Daredevils,Mumbai Indians,bat,Delhi Daredevils,M Vijay,Sharjah Cricket Stadium
415,Sharjah,4/27/2014,Sunrisers Hyderabad,Chennai Super Kings,Sunrisers Hyderabad,bat,Chennai Super Kings,DR Smith,Sharjah Cricket Stadium
416,Bangalore,4/28/2014,Royal Challengers Bangalore,Kings XI Punjab,Kings XI Punjab,field,Kings XI Punjab,Sandeep Sharma,Dubai International Cricket Stadium
417,Abu Dhabi,4/29/2014,Rajasthan Royals,Kolkata Knight Riders,Rajasthan Royals,bat,Rajasthan Royals,JP Faulkner,Sheikh Zayed Stadium
418,Mumbai,4/30/2014,Sunrisers Hyderabad,Mumbai Indians,Mumbai Indians,field,Sunrisers Hyderabad,B Kumar,Dubai International Cricket Stadium
419,Ranchi,05-02-2014,Chennai Super Kings,Kolkata Knight Riders,Chennai Super Kings,bat,Chennai Super Kings,RA Jadeja,JSCA International Stadium Complex
420,Mumbai,05-03-2014,Kings XI Punjab,Mumbai Indians,Kings XI Punjab,bat,Mumbai Indians,CJ Anderson,Wankhede Stadium
421,Delhi,05-03-2014,Delhi Daredevils,Rajasthan Royals,Rajasthan Royals,field,Rajasthan Royals,KK Nair,Feroz Shah Kotla
422,Bangalore,05-04-2014,Sunrisers Hyderabad,Royal Challengers Bangalore,Royal Challengers Bangalore,field,Royal Challengers Bangalore,AB de Villiers,M Chinnaswamy Stadium
423,Ahmedabad,05-05-2014,Rajasthan Royals,Kolkata Knight Riders,Kolkata Knight Riders,field,Rajasthan Royals,PV Tambe,"Sardar Patel Stadium, Motera"
424,Delhi,05-05-2014,Delhi Daredevils,Chennai Super Kings,Chennai Super Kings,field,Chennai Super Kings,DR Smith,Feroz Shah Kotla
425,Mumbai,05-06-2014,Mumbai Indians,Royal Challengers Bangalore,Royal Challengers Bangalore,field,Mumbai Indians,RG Sharma,Wankhede Stadium
426,Delhi,05-07-2014,Delhi Daredevils,Kolkata Knight Riders,Delhi Daredevils,bat,Kolkata Knight Riders,G Gambhir,Feroz Shah Kotla
427,Cuttack,05-07-2014,Kings XI Punjab,Chennai Super Kings,Chennai Super Kings,field,Kings XI Punjab,GJ Maxwell,Barabati Stadium
428,Ahmedabad,05-08-2014,Sunrisers Hyderabad,Rajasthan Royals,Rajasthan Royals,field,Sunrisers Hyderabad,B Kumar,"Sardar Patel Stadium, Motera"
429,Bangalore,05-09-2014,Kings XI Punjab,Royal Challengers Bangalore,Royal Challengers Bangalore,field,Kings XI Punjab,Sandeep Sharma,M Chinnaswamy Stadium
430,Delhi,05-10-2014,Delhi Daredevils,Sunrisers Hyderabad,Sunrisers Hyderabad,field,Sunrisers Hyderabad,DW Steyn,Feroz Shah Kotla
431,Mumbai,05-10-2014,Mumbai Indians,Chennai Super Kings,Chennai Super Kings,field,Chennai Super Kings,DR Smith,Wankhede Stadium
432,Cuttack,05-11-2014,Kings XI Punjab,Kolkata Knight Riders,Kolkata Knight Riders,field,Kolkata Knight Riders,G Gambhir,Barabati Stadium
433,Bangalore,05-11-2014,Royal Challengers Bangalore,Rajasthan Royals,Royal Challengers Bangalore,bat,Rajasthan Royals,JP Faulkner,M Chinnaswamy Stadium
434,Hyderabad,05-12-2014,Sunrisers Hyderabad,Mumbai Indians,Sunrisers Hyderabad,bat,Mumbai Indians,AT Rayudu,"Rajiv Gandhi International Stadium, Uppal"
435,Ranchi,5/13/2014,Rajasthan Royals,Chennai Super Kings,Rajasthan Royals,bat,Chennai Super Kings,RA Jadeja,JSCA International Stadium Complex
436,Bangalore,5/13/2014,Royal Challengers Bangalore,Delhi Daredevils,Delhi Daredevils,field,Royal Challengers Bangalore,Yuvraj Singh,M Chinnaswamy Stadium
437,Hyderabad,5/14/2014,Sunrisers Hyderabad,Kings XI Punjab,Kings XI Punjab,field,Kings XI Punjab,WP Saha,"Rajiv Gandhi International Stadium, Uppal"
438,Cuttack,5/14/2014,Mumbai Indians,Kolkata Knight Riders,Kolkata Knight Riders,field,Kolkata Knight Riders,RV Uthappa,Barabati Stadium
439,Ahmedabad,5/15/2014,Rajasthan Royals,Delhi Daredevils,Delhi Daredevils,field,Rajasthan Royals,AM Rahane,"Sardar Patel Stadium, Motera"
440,Ranchi,5/18/2014,Chennai Super Kings,Royal Challengers Bangalore,Chennai Super Kings,bat,Royal Challengers Bangalore,AB de Villiers,JSCA International Stadium Complex
441,Hyderabad,5/18/2014,Sunrisers Hyderabad,Kolkata Knight Riders,Sunrisers Hyderabad,bat,Kolkata Knight Riders,UT Yadav,"Rajiv Gandhi International Stadium, Uppal"
442,Ahmedabad,5/19/2014,Mumbai Indians,Rajasthan Royals,Mumbai Indians,bat,Mumbai Indians,MEK Hussey,"Sardar Patel Stadium, Motera"
443,Delhi,5/19/2014,Delhi Daredevils,Kings XI Punjab,Kings XI Punjab,field,Kings XI Punjab,AR Patel,Feroz Shah Kotla
444,Hyderabad,5/20/2014,Royal Challengers Bangalore,Sunrisers Hyderabad,Royal Challengers Bangalore,bat,Sunrisers Hyderabad,DA Warner,"Rajiv Gandhi International Stadium, Uppal"
445,Kolkata,5/20/2014,Chennai Super Kings,Kolkata Knight Riders,Kolkata Knight Riders,field,Kolkata Knight Riders,RV Uthappa,Eden Gardens
446,Chandigarh,5/21/2014,Kings XI Punjab,Mumbai Indians,Mumbai Indians,field,Mumbai Indians,LMP Simmons,"Punjab Cricket Association Stadium, Mohali"
447,Kolkata,5/22/2014,Kolkata Knight Riders,Royal Challengers Bangalore,Royal Challengers Bangalore,field,Kolkata Knight Riders,RV Uthappa,Eden Gardens
448,Ranchi,5/22/2014,Chennai Super Kings,Sunrisers Hyderabad,Sunrisers Hyderabad,field,Sunrisers Hyderabad,DA Warner,JSCA International Stadium Complex
449,Mumbai,5/23/2014,Mumbai Indians,Delhi Daredevils,Delhi Daredevils,field,Mumbai Indians,MEK Hussey,Wankhede Stadium
450,Chandigarh,5/23/2014,Kings XI Punjab,Rajasthan Royals,Rajasthan Royals,field,Kings XI Punjab,SE Marsh,"Punjab Cricket Association Stadium, Mohali"
451,Bangalore,5/24/2014,Royal Challengers Bangalore,Chennai Super Kings,Chennai Super Kings,field,Chennai Super Kings,MS Dhoni,M Chinnaswamy Stadium
452,Kolkata,5/24/2014,Sunrisers Hyderabad,Kolkata Knight Riders,Kolkata Knight Riders,field,Kolkata Knight Riders,YK Pathan,Eden Gardens
453,Chandigarh,5/25/2014,Delhi Daredevils,Kings XI Punjab,Kings XI Punjab,field,Kings XI Punjab,M Vohra,"Punjab Cricket Association Stadium, Mohali"
454,Mumbai,5/25/2014,Rajasthan Royals,Mumbai Indians,Mumbai Indians,field,Mumbai Indians,CJ Anderson,Wankhede Stadium
455,Kolkata,5/27/2014,Kolkata Knight Riders,Kings XI Punjab,Kings XI Punjab,field,Kolkata Knight Riders,UT Yadav,Eden Gardens
456,Mumbai,5/28/2014,Mumbai Indians,Chennai Super Kings,Chennai Super Kings,field,Chennai Super Kings,SK Raina,Brabourne Stadium
457,Mumbai,5/30/2014,Kings XI Punjab,Chennai Super Kings,Chennai Super Kings,field,Kings XI Punjab,V Sehwag,Wankhede Stadium
458,Bangalore,06-01-2014,Kings XI Punjab,Kolkata Knight Riders,Kolkata Knight Riders,field,Kolkata Knight Riders,MK Pandey,M Chinnaswamy Stadium
459,Kolkata,04-08-2015,Mumbai Indians,Kolkata Knight Riders,Kolkata Knight Riders,field,Kolkata Knight Riders,M Morkel,Eden Gardens
460,Chennai,04-09-2015,Chennai Super Kings,Delhi Daredevils,Delhi Daredevils,field,Chennai Super Kings,A Nehra,"MA Chidambaram Stadium, Chepauk"
461,Pune,04-10-2015,Rajasthan Royals,Kings XI Punjab,Kings XI Punjab,field,Rajasthan Royals,JP Faulkner,Maharashtra Cricket Association Stadium
462,Chennai,04-11-2015,Chennai Super Kings,Sunrisers Hyderabad,Chennai Super Kings,bat,Chennai Super Kings,BB McCullum,"MA Chidambaram Stadium, Chepauk"
463,Kolkata,04-11-2015,Kolkata Knight Riders,Royal Challengers Bangalore,Royal Challengers Bangalore,field,Royal Challengers Bangalore,CH Gayle,Eden Gardens
464,Delhi,04-12-2015,Delhi Daredevils,Rajasthan Royals,Rajasthan Royals,field,Rajasthan Royals,DJ Hooda,Feroz Shah Kotla
465,Mumbai,04-12-2015,Kings XI Punjab,Mumbai Indians,Mumbai Indians,field,Kings XI Punjab,GJ Bailey,Wankhede Stadium
466,Bangalore,4/13/2015,Royal Challengers Bangalore,Sunrisers Hyderabad,Sunrisers Hyderabad,field,Sunrisers Hyderabad,DA Warner,M Chinnaswamy Stadium
467,Ahmedabad,4/14/2015,Mumbai Indians,Rajasthan Royals,Mumbai Indians,bat,Rajasthan Royals,SPD Smith,"Sardar Patel Stadium, Motera"
468,Kolkata,4/30/2015,Chennai Super Kings,Kolkata Knight Riders,Kolkata Knight Riders,field,Kolkata Knight Riders,AD Russell,Eden Gardens
469,Pune,4/15/2015,Kings XI Punjab,Delhi Daredevils,Kings XI Punjab,bat,Delhi Daredevils,MA Agarwal,Maharashtra Cricket Association Stadium
470,Visakhapatnam,4/16/2015,Sunrisers Hyderabad,Rajasthan Royals,Rajasthan Royals,field,Rajasthan Royals,AM Rahane,Dr. Y.S. Rajasekhara Reddy ACA-VDCA Cricket Stadium
471,Mumbai,4/17/2015,Mumbai Indians,Chennai Super Kings,Mumbai Indians,bat,Chennai Super Kings,A Nehra,Wankhede Stadium
472,Visakhapatnam,4/18/2015,Delhi Daredevils,Sunrisers Hyderabad,Delhi Daredevils,bat,Delhi Daredevils,JP Duminy,Dr. Y.S. Rajasekhara Reddy ACA-VDCA Cricket Stadium
473,Pune,4/18/2015,Kings XI Punjab,Kolkata Knight Riders,Kolkata Knight Riders,field,Kolkata Knight Riders,AD Russell,Maharashtra Cricket Association Stadium
474,Ahmedabad,4/19/2015,Chennai Super Kings,Rajasthan Royals,Chennai Super Kings,bat,Rajasthan Royals,AM Rahane,"Sardar Patel Stadium, Motera"
475,Bangalore,4/19/2015,Mumbai Indians,Royal Challengers Bangalore,Royal Challengers Bangalore,field,Mumbai Indians,Harbhajan Singh,M Chinnaswamy Stadium
476,Delhi,4/20/2015,Delhi Daredevils,Kolkata Knight Riders,Kolkata Knight Riders,field,Kolkata Knight Riders,UT Yadav,Feroz Shah Kotla
477,Ahmedabad,4/21/2015,Rajasthan Royals,Kings XI Punjab,Kings XI Punjab,field,Kings XI Punjab,SE Marsh,"Sardar Patel Stadium, Motera"
478,Visakhapatnam,4/22/2015,Sunrisers Hyderabad,Kolkata Knight Riders,Kolkata Knight Riders,field,Sunrisers Hyderabad,DA Warner,Dr. Y.S. Rajasekhara Reddy ACA-VDCA Cricket Stadium
479,Bangalore,4/22/2015,Chennai Super Kings,Royal Challengers Bangalore,Royal Challengers Bangalore,field,Chennai Super Kings,SK Raina,M Chinnaswamy Stadium
480,Delhi,4/23/2015,Delhi Daredevils,Mumbai Indians,Mumbai Indians,field,Delhi Daredevils,SS Iyer,Feroz Shah Kotla
481,Ahmedabad,4/24/2015,Rajasthan Royals,Royal Challengers Bangalore,Royal Challengers Bangalore,field,Royal Challengers Bangalore,MA Starc,"Sardar Patel Stadium, Motera"
482,Mumbai,4/25/2015,Mumbai Indians,Sunrisers Hyderabad,Mumbai Indians,bat,Mumbai Indians,SL Malinga,Wankhede Stadium
483,Chennai,4/25/2015,Chennai Super Kings,Kings XI Punjab,Chennai Super Kings,bat,Chennai Super Kings,BB McCullum,"MA Chidambaram Stadium, Chepauk"
484,Delhi,4/26/2015,Delhi Daredevils,Royal Challengers Bangalore,Royal Challengers Bangalore,field,Royal Challengers Bangalore,VR Aaron,Feroz Shah Kotla
485,Chandigarh,4/27/2015,Sunrisers Hyderabad,Kings XI Punjab,Kings XI Punjab,field,Sunrisers Hyderabad,TA Boult,"Punjab Cricket Association Stadium, Mohali"
486,Kolkata,05-07-2015,Kolkata Knight Riders,Delhi Daredevils,Kolkata Knight Riders,bat,Kolkata Knight Riders,PP Chawla,Eden Gardens
487,Bangalore,4/29/2015,Royal Challengers Bangalore,Rajasthan Royals,Rajasthan Royals,field,Royal Challengers Bangalore,A Chandila,M Chinnaswamy Stadium
488,Chennai,4/28/2015,Chennai Super Kings,Kolkata Knight Riders,Kolkata Knight Riders,field,Chennai Super Kings,DJ Bravo,"MA Chidambaram Stadium, Chepauk"
489,Delhi,05-01-2015,Kings XI Punjab,Delhi Daredevils,Delhi Daredevils,field,Delhi Daredevils,NM Coulter-Nile,Feroz Shah Kotla
490,Mumbai,05-01-2015,Mumbai Indians,Rajasthan Royals,Rajasthan Royals,field,Mumbai Indians,AT Rayudu,Wankhede Stadium
491,Bangalore,05-02-2015,Kolkata Knight Riders,Royal Challengers Bangalore,Royal Challengers Bangalore,field,Royal Challengers Bangalore,Mandeep Singh,M Chinnaswamy Stadium
492,Hyderabad,05-02-2015,Sunrisers Hyderabad,Chennai Super Kings,Chennai Super Kings,field,Sunrisers Hyderabad,DA Warner,"Rajiv Gandhi International Stadium, Uppal"
493,Chandigarh,05-03-2015,Mumbai Indians,Kings XI Punjab,Mumbai Indians,bat,Mumbai Indians,LMP Simmons,"Punjab Cricket Association Stadium, Mohali"
494,Mumbai,05-03-2015,Rajasthan Royals,Delhi Daredevils,Delhi Daredevils,field,Rajasthan Royals,AM Rahane,Brabourne Stadium
495,Chennai,05-04-2015,Chennai Super Kings,Royal Challengers Bangalore,Chennai Super Kings,bat,Chennai Super Kings,SK Raina,"MA Chidambaram Stadium, Chepauk"
496,Kolkata,05-04-2015,Kolkata Knight Riders,Sunrisers Hyderabad,Sunrisers Hyderabad,field,Kolkata Knight Riders,UT Yadav,Eden Gardens
497,Mumbai,05-05-2015,Delhi Daredevils,Mumbai Indians,Delhi Daredevils,bat,Mumbai Indians,Harbhajan Singh,Wankhede Stadium
498,Bangalore,05-06-2015,Royal Challengers Bangalore,Kings XI Punjab,Kings XI Punjab,field,Royal Challengers Bangalore,CH Gayle,M Chinnaswamy Stadium
499,Mumbai,05-07-2015,Sunrisers Hyderabad,Rajasthan Royals,Rajasthan Royals,field,Sunrisers Hyderabad,EJG Morgan,Brabourne Stadium
500,Chennai,05-08-2015,Chennai Super Kings,Mumbai Indians,Chennai Super Kings,bat,Mumbai Indians,HH Pandya,"MA Chidambaram Stadium, Chepauk"
501,Kolkata,05-09-2015,Kings XI Punjab,Kolkata Knight Riders,Kings XI Punjab,bat,Kolkata Knight Riders,AD Russell,Eden Gardens
502,Raipur,05-09-2015,Sunrisers Hyderabad,Delhi Daredevils,Sunrisers Hyderabad,bat,Sunrisers Hyderabad,MC Henriques,Shaheed Veer Narayan Singh International Stadium
503,Mumbai,05-10-2015,Royal Challengers Bangalore,Mumbai Indians,Royal Challengers Bangalore,bat,Royal Challengers Bangalore,AB de Villiers,Wankhede Stadium
504,Chennai,05-10-2015,Chennai Super Kings,Rajasthan Royals,Chennai Super Kings,bat,Chennai Super Kings,RA Jadeja,"MA Chidambaram Stadium, Chepauk"
505,Hyderabad,05-11-2015,Sunrisers Hyderabad,Kings XI Punjab,Sunrisers Hyderabad,bat,Sunrisers Hyderabad,DA Warner,"Rajiv Gandhi International Stadium, Uppal"
506,Raipur,05-12-2015,Chennai Super Kings,Delhi Daredevils,Chennai Super Kings,bat,Delhi Daredevils,Z Khan,Shaheed Veer Narayan Singh International Stadium
507,Chandigarh,5/13/2015,Kings XI Punjab,Royal Challengers Bangalore,Royal Challengers Bangalore,field,Kings XI Punjab,AR Patel,"Punjab Cricket Association Stadium, Mohali"
508,Mumbai,5/14/2015,Mumbai Indians,Kolkata Knight Riders,Kolkata Knight Riders,field,Mumbai Indians,HH Pandya,Wankhede Stadium
509,Hyderabad,5/15/2015,Sunrisers Hyderabad,Royal Challengers Bangalore,Sunrisers Hyderabad,bat,Royal Challengers Bangalore,V Kohli,"Rajiv Gandhi International Stadium, Uppal"
510,Chandigarh,5/16/2015,Kings XI Punjab,Chennai Super Kings,Kings XI Punjab,bat,Chennai Super Kings,P Negi,"Punjab Cricket Association Stadium, Mohali"
511,Mumbai,5/16/2015,Rajasthan Royals,Kolkata Knight Riders,Rajasthan Royals,bat,Rajasthan Royals,SR Watson,Brabourne Stadium
512,Bangalore,5/17/2015,Delhi Daredevils,Royal Challengers Bangalore,Royal Challengers Bangalore,field,Delhi Daredevils,A Chandila,M Chinnaswamy Stadium
513,Hyderabad,5/17/2015,Sunrisers Hyderabad,Mumbai Indians,Sunrisers Hyderabad,bat,Mumbai Indians,MJ McClenaghan,"Rajiv Gandhi International Stadium, Uppal"
514,Mumbai,5/19/2015,Mumbai Indians,Chennai Super Kings,Mumbai Indians,bat,Mumbai Indians,KA Pollard,Wankhede Stadium
515,Pune,5/20/2015,Royal Challengers Bangalore,Rajasthan Royals,Royal Challengers Bangalore,bat,Royal Challengers Bangalore,AB de Villiers,Maharashtra Cricket Association Stadium
516,Ranchi,5/22/2015,Royal Challengers Bangalore,Chennai Super Kings,Chennai Super Kings,field,Chennai Super Kings,A Nehra,JSCA International Stadium Complex
517,Kolkata,5/24/2015,Mumbai Indians,Chennai Super Kings,Chennai Super Kings,field,Mumbai Indians,RG Sharma,Eden Gardens
518,Mumbai,04-09-2016,Mumbai Indians,Rising Pune Supergiants,Mumbai Indians,bat,Rising Pune Supergiants,AM Rahane,Wankhede Stadium
519,Kolkata,04-10-2016,Delhi Daredevils,Kolkata Knight Riders,Kolkata Knight Riders,field,Kolkata Knight Riders,AD Russell,Eden Gardens
520,Chandigarh,04-11-2016,Kings XI Punjab,Gujarat Lions,Gujarat Lions,field,Gujarat Lions,AJ Finch,"Punjab Cricket Association IS Bindra Stadium, Mohali"
521,Bangalore,04-12-2016,Royal Challengers Bangalore,Sunrisers Hyderabad,Sunrisers Hyderabad,field,Royal Challengers Bangalore,AB de Villiers,M Chinnaswamy Stadium
522,Kolkata,4/13/2016,Kolkata Knight Riders,Mumbai Indians,Mumbai Indians,field,Mumbai Indians,RG Sharma,Eden Gardens
523,Rajkot,4/14/2016,Rising Pune Supergiants,Gujarat Lions,Rising Pune Supergiants,bat,Gujarat Lions,AJ Finch,Saurashtra Cricket Association Stadium
524,Delhi,4/15/2016,Kings XI Punjab,Delhi Daredevils,Delhi Daredevils,field,Delhi Daredevils,A Mishra,Feroz Shah Kotla
525,Hyderabad,4/16/2016,Sunrisers Hyderabad,Kolkata Knight Riders,Sunrisers Hyderabad,bat,Kolkata Knight Riders,G Gambhir,"Rajiv Gandhi International Stadium, Uppal"
526,Mumbai,4/16/2016,Mumbai Indians,Gujarat Lions,Gujarat Lions,field,Gujarat Lions,AJ Finch,Wankhede Stadium
527,Chandigarh,4/17/2016,Rising Pune Supergiants,Kings XI Punjab,Rising Pune Supergiants,bat,Kings XI Punjab,M Vohra,"Punjab Cricket Association IS Bindra Stadium, Mohali"
528,Bangalore,4/17/2016,Royal Challengers Bangalore,Delhi Daredevils,Delhi Daredevils,field,Delhi Daredevils,Q de Kock,M Chinnaswamy Stadium
529,Hyderabad,4/18/2016,Mumbai Indians,Sunrisers Hyderabad,Sunrisers Hyderabad,field,Sunrisers Hyderabad,DA Warner,"Rajiv Gandhi International Stadium, Uppal"
530,Chandigarh,4/19/2016,Kings XI Punjab,Kolkata Knight Riders,Kolkata Knight Riders,field,Kolkata Knight Riders,RV Uthappa,"Punjab Cricket Association IS Bindra Stadium, Mohali"
531,Mumbai,4/20/2016,Royal Challengers Bangalore,Mumbai Indians,Mumbai Indians,field,Mumbai Indians,RG Sharma,Wankhede Stadium
532,Rajkot,4/21/2016,Gujarat Lions,Sunrisers Hyderabad,Sunrisers Hyderabad,field,Sunrisers Hyderabad,B Kumar,Saurashtra Cricket Association Stadium
533,Pune,4/22/2016,Royal Challengers Bangalore,Rising Pune Supergiants,Rising Pune Supergiants,field,Royal Challengers Bangalore,AB de Villiers,Maharashtra Cricket Association Stadium
534,Delhi,4/23/2016,Delhi Daredevils,Mumbai Indians,Mumbai Indians,field,Delhi Daredevils,SV Samson,Feroz Shah Kotla
535,Hyderabad,4/23/2016,Kings XI Punjab,Sunrisers Hyderabad,Sunrisers Hyderabad,field,Sunrisers Hyderabad,Mustafizur Rahman,"Rajiv Gandhi International Stadium, Uppal"
536,Rajkot,4/24/2016,Royal Challengers Bangalore,Gujarat Lions,Royal Challengers Bangalore,bat,Gujarat Lions,V Kohli,Saurashtra Cricket Association Stadium
537,Pune,4/24/2016,Rising Pune Supergiants,Kolkata Knight Riders,Kolkata Knight Riders,field,Kolkata Knight Riders,SA Yadav,Maharashtra Cricket Association Stadium
538,Chandigarh,4/25/2016,Mumbai Indians,Kings XI Punjab,Kings XI Punjab,field,Mumbai Indians,PA Patel,"Punjab Cricket Association IS Bindra Stadium, Mohali"
539,Hyderabad,4/26/2016,Sunrisers Hyderabad,Rising Pune Supergiants,Rising Pune Supergiants,field,Rising Pune Supergiants,AB Dinda,"Rajiv Gandhi International Stadium, Uppal"
540,Delhi,4/27/2016,Gujarat Lions,Delhi Daredevils,Delhi Daredevils,field,Gujarat Lions,CH Morris,Feroz Shah Kotla
541,Mumbai,4/28/2016,Kolkata Knight Riders,Mumbai Indians,Mumbai Indians,field,Mumbai Indians,RG Sharma,Wankhede Stadium
542,Pune,4/29/2016,Rising Pune Supergiants,Gujarat Lions,Gujarat Lions,field,Gujarat Lions,DR Smith,Maharashtra Cricket Association Stadium
543,Delhi,4/30/2016,Delhi Daredevils,Kolkata Knight Riders,Kolkata Knight Riders,field,Delhi Daredevils,CR Brathwaite,Feroz Shah Kotla
544,Hyderabad,4/30/2016,Sunrisers Hyderabad,Royal Challengers Bangalore,Royal Challengers Bangalore,field,Sunrisers Hyderabad,DA Warner,"Rajiv Gandhi International Stadium, Uppal"
545,Rajkot,05-01-2016,Kings XI Punjab,Gujarat Lions,Gujarat Lions,field,Kings XI Punjab,AR Patel,Saurashtra Cricket Association Stadium
546,Pune,05-01-2016,Rising Pune Supergiants,Mumbai Indians,Mumbai Indians,field,Mumbai Indians,RG Sharma,Maharashtra Cricket Association Stadium
547,Bangalore,05-02-2016,Royal Challengers Bangalore,Kolkata Knight Riders,Kolkata Knight Riders,field,Kolkata Knight Riders,AD Russell,M Chinnaswamy Stadium
548,Rajkot,05-03-2016,Gujarat Lions,Delhi Daredevils,Delhi Daredevils,field,Delhi Daredevils,RR Pant,Saurashtra Cricket Association Stadium
549,Kolkata,05-04-2016,Kolkata Knight Riders,Kings XI Punjab,Kings XI Punjab,field,Kolkata Knight Riders,AD Russell,Eden Gardens
550,Delhi,05-05-2016,Delhi Daredevils,Rising Pune Supergiants,Rising Pune Supergiants,field,Rising Pune Supergiants,AM Rahane,Feroz Shah Kotla
551,Hyderabad,05-06-2016,Gujarat Lions,Sunrisers Hyderabad,Sunrisers Hyderabad,field,Sunrisers Hyderabad,B Kumar,"Rajiv Gandhi International Stadium, Uppal"
552,Bangalore,05-07-2016,Rising Pune Supergiants,Royal Challengers Bangalore,Royal Challengers Bangalore,field,Royal Challengers Bangalore,V Kohli,M Chinnaswamy Stadium
553,Chandigarh,05-07-2016,Kings XI Punjab,Delhi Daredevils,Delhi Daredevils,field,Kings XI Punjab,MP Stoinis,"Punjab Cricket Association IS Bindra Stadium, Mohali"
554,Visakhapatnam,05-08-2016,Sunrisers Hyderabad,Mumbai Indians,Mumbai Indians,field,Sunrisers Hyderabad,A Nehra,Dr. Y.S. Rajasekhara Reddy ACA-VDCA Cricket Stadium
555,Kolkata,05-08-2016,Kolkata Knight Riders,Gujarat Lions,Gujarat Lions,field,Gujarat Lions,P Kumar,Eden Gardens
556,Chandigarh,05-09-2016,Royal Challengers Bangalore,Kings XI Punjab,Kings XI Punjab,field,Royal Challengers Bangalore,SR Watson,"Punjab Cricket Association IS Bindra Stadium, Mohali"
557,Visakhapatnam,05-10-2016,Sunrisers Hyderabad,Rising Pune Supergiants,Sunrisers Hyderabad,bat,Sunrisers Hyderabad,A Zampa,Dr. Y.S. Rajasekhara Reddy ACA-VDCA Cricket Stadium
558,Bangalore,05-11-2016,Royal Challengers Bangalore,Mumbai Indians,Mumbai Indians,field,Mumbai Indians,KH Pandya,M Chinnaswamy Stadium
559,Hyderabad,05-12-2016,Sunrisers Hyderabad,Delhi Daredevils,Delhi Daredevils,field,Delhi Daredevils,CH Morris,"Rajiv Gandhi International Stadium, Uppal"
560,Visakhapatnam,5/13/2016,Mumbai Indians,Kings XI Punjab,Mumbai Indians,bat,Kings XI Punjab,MP Stoinis,Dr. Y.S. Rajasekhara Reddy ACA-VDCA Cricket Stadium
561,Bangalore,5/14/2016,Royal Challengers Bangalore,Gujarat Lions,Gujarat Lions,field,Royal Challengers Bangalore,AB de Villiers,M Chinnaswamy Stadium
562,Kolkata,5/14/2016,Rising Pune Supergiants,Kolkata Knight Riders,Rising Pune Supergiants,bat,Kolkata Knight Riders,YK Pathan,Eden Gardens
563,Chandigarh,5/15/2016,Kings XI Punjab,Sunrisers Hyderabad,Kings XI Punjab,bat,Sunrisers Hyderabad,HM Amla,"Punjab Cricket Association IS Bindra Stadium, Mohali"
564,Visakhapatnam,5/15/2016,Mumbai Indians,Delhi Daredevils,Delhi Daredevils,field,Mumbai Indians,KH Pandya,Dr. Y.S. Rajasekhara Reddy ACA-VDCA Cricket Stadium
565,Kolkata,5/16/2016,Kolkata Knight Riders,Royal Challengers Bangalore,Royal Challengers Bangalore,field,Royal Challengers Bangalore,V Kohli,Eden Gardens
566,Visakhapatnam,5/17/2016,Delhi Daredevils,Rising Pune Supergiants,Rising Pune Supergiants,field,Rising Pune Supergiants,AB Dinda,Dr. Y.S. Rajasekhara Reddy ACA-VDCA Cricket Stadium
567,Bangalore,5/18/2016,Royal Challengers Bangalore,Kings XI Punjab,Kings XI Punjab,field,Royal Challengers Bangalore,V Kohli,M Chinnaswamy Stadium
568,Kanpur,5/19/2016,Kolkata Knight Riders,Gujarat Lions,Gujarat Lions,field,Gujarat Lions,DR Smith,Green Park
569,Raipur,5/20/2016,Sunrisers Hyderabad,Delhi Daredevils,Delhi Daredevils,field,Delhi Daredevils,KK Nair,Shaheed Veer Narayan Singh International Stadium
570,Visakhapatnam,5/21/2016,Kings XI Punjab,Rising Pune Supergiants,Kings XI Punjab,bat,Rising Pune Supergiants,MS Dhoni,Dr. Y.S. Rajasekhara Reddy ACA-VDCA Cricket Stadium
571,Kanpur,5/21/2016,Mumbai Indians,Gujarat Lions,Gujarat Lions,field,Gujarat Lions,SK Raina,Green Park
572,Kolkata,5/22/2016,Kolkata Knight Riders,Sunrisers Hyderabad,Sunrisers Hyderabad,field,Kolkata Knight Riders,YK Pathan,Eden Gardens
573,Raipur,5/22/2016,Delhi Daredevils,Royal Challengers Bangalore,Royal Challengers Bangalore,field,Royal Challengers Bangalore,V Kohli,Shaheed Veer Narayan Singh International Stadium
574,Bangalore,5/24/2016,Gujarat Lions,Royal Challengers Bangalore,Royal Challengers Bangalore,field,Royal Challengers Bangalore,AB de Villiers,M Chinnaswamy Stadium
575,Delhi,5/25/2016,Sunrisers Hyderabad,Kolkata Knight Riders,Kolkata Knight Riders,field,Sunrisers Hyderabad,MC Henriques,Feroz Shah Kotla
576,Delhi,5/27/2016,Gujarat Lions,Sunrisers Hyderabad,Sunrisers Hyderabad,field,Sunrisers Hyderabad,DA Warner,Feroz Shah Kotla
577,Bangalore,5/29/2016,Sunrisers Hyderabad,Royal Challengers Bangalore,Sunrisers Hyderabad,bat,Sunrisers Hyderabad,BCJ Cutting,M Chinnaswamy Stadium
578,Kolkata,5/25/2017,Royal Challengers Bangalore,Kolkata Knight Riders,Kolkata Knight Riders,field,Royal Challengers Bangalore,Virat Kohli,Eden Gardens
